"filename", "language", "Docker", "HTML", "JSON", "JavaScript", "Markdown", "Shell Script", "Batch", "CSS", "C#", "XML", "SCSS", "YAML", "SQL", "comment", "blank", "total"
"d:\REACT\ExpoApp-frontend2\README.md", "Markdown", 0, 0, 0, 0, 1, 0, 0, 0, 0, 0, 0, 0, 0, 0, 1, 2
"d:\REACT\ExpoApp-frontend2\TODO.md", "Markdown", 0, 0, 0, 0, 3, 0, 0, 0, 0, 0, 0, 0, 0, 0, 1, 4
"d:\REACT\ExpoApp-frontend2\backend\src\ExpoAPI\Contracts\MessageContract.cs", "C#", 0, 0, 0, 0, 0, 0, 0, 0, 12, 0, 0, 0, 0, 0, 1, 13
"d:\REACT\ExpoApp-frontend2\backend\src\ExpoAPI\Contracts\MessageType.cs", "C#", 0, 0, 0, 0, 0, 0, 0, 0, 10, 0, 0, 0, 0, 0, 1, 11
"d:\REACT\ExpoApp-frontend2\backend\src\ExpoAPI\Contracts\Requests\Accommodation\CreateAccommodationApiRequestContract.cs", "C#", 0, 0, 0, 0, 0, 0, 0, 0, 34, 0, 0, 0, 0, 0, 2, 36
"d:\REACT\ExpoApp-frontend2\backend\src\ExpoAPI\Contracts\Requests\Accommodation\DeleteAccommodationByIdApiRequestContract.cs", "C#", 0, 0, 0, 0, 0, 0, 0, 0, 9, 0, 0, 0, 0, 0, 2, 11
"d:\REACT\ExpoApp-frontend2\backend\src\ExpoAPI\Contracts\Requests\Accommodation\GetAccommodationByIdApiRequestContract.cs", "C#", 0, 0, 0, 0, 0, 0, 0, 0, 9, 0, 0, 0, 0, 0, 2, 11
"d:\REACT\ExpoApp-frontend2\backend\src\ExpoAPI\Contracts\Requests\Accommodation\GetAccommodationsApiRequestContract.cs", "C#", 0, 0, 0, 0, 0, 0, 0, 0, 8, 0, 0, 0, 0, 0, 2, 10
"d:\REACT\ExpoApp-frontend2\backend\src\ExpoAPI\Contracts\Requests\Accommodation\GetNumberOfAccommodationsApiRequestContract.cs", "C#", 0, 0, 0, 0, 0, 0, 0, 0, 8, 0, 0, 0, 0, 0, 2, 10
"d:\REACT\ExpoApp-frontend2\backend\src\ExpoAPI\Contracts\Requests\Accommodation\UpdateAccommodationByIdApiRequestContract.cs", "C#", 0, 0, 0, 0, 0, 0, 0, 0, 34, 0, 0, 0, 0, 0, 2, 36
"d:\REACT\ExpoApp-frontend2\backend\src\ExpoAPI\Contracts\Requests\Admin\GetAdminInformationApiRequestContract.cs", "C#", 0, 0, 0, 0, 0, 0, 0, 0, 6, 0, 0, 0, 0, 0, 1, 7
"d:\REACT\ExpoApp-frontend2\backend\src\ExpoAPI\Contracts\Requests\Companies\CreateCompanyApiRequestContract.cs", "C#", 0, 0, 0, 0, 0, 0, 0, 0, 13, 0, 0, 0, 0, 0, 2, 15
"d:\REACT\ExpoApp-frontend2\backend\src\ExpoAPI\Contracts\Requests\Companies\DeleteCompanyByIdApiRequestContract.cs", "C#", 0, 0, 0, 0, 0, 0, 0, 0, 9, 0, 0, 0, 0, 0, 2, 11
"d:\REACT\ExpoApp-frontend2\backend\src\ExpoAPI\Contracts\Requests\Companies\GetCompaniesApiRequestContract.cs", "C#", 0, 0, 0, 0, 0, 0, 0, 0, 6, 0, 0, 0, 0, 0, 1, 7
"d:\REACT\ExpoApp-frontend2\backend\src\ExpoAPI\Contracts\Requests\Companies\GetCompanyByIdApiRequestContract.cs", "C#", 0, 0, 0, 0, 0, 0, 0, 0, 9, 0, 0, 0, 0, 0, 1, 10
"d:\REACT\ExpoApp-frontend2\backend\src\ExpoAPI\Contracts\Requests\Companies\GetCompanyIdByNameApiRequestContract.cs", "C#", 0, 0, 0, 0, 0, 0, 0, 0, 9, 0, 0, 0, 0, 0, 1, 10
"d:\REACT\ExpoApp-frontend2\backend\src\ExpoAPI\Contracts\Requests\Companies\GetCompanyNameByIdApiRequestContract.cs", "C#", 0, 0, 0, 0, 0, 0, 0, 0, 9, 0, 0, 0, 0, 0, 1, 10
"d:\REACT\ExpoApp-frontend2\backend\src\ExpoAPI\Contracts\Requests\Companies\GetCompanyNamesApiRequestContract.cs", "C#", 0, 0, 0, 0, 0, 0, 0, 0, 6, 0, 0, 0, 0, 0, 1, 7
"d:\REACT\ExpoApp-frontend2\backend\src\ExpoAPI\Contracts\Requests\Companies\GetEnteredCompaniesApiRequestContract.cs", "C#", 0, 0, 0, 0, 0, 0, 0, 0, 6, 0, 0, 0, 0, 0, 1, 7
"d:\REACT\ExpoApp-frontend2\backend\src\ExpoAPI\Contracts\Requests\Companies\GetEnteredCompaniesWithoutPurchaseApiRequestContract.cs", "C#", 0, 0, 0, 0, 0, 0, 0, 0, 6, 0, 0, 0, 0, 0, 1, 7
"d:\REACT\ExpoApp-frontend2\backend\src\ExpoAPI\Contracts\Requests\Companies\GetNotEnteredCompaniesApiRequestContract.cs", "C#", 0, 0, 0, 0, 0, 0, 0, 0, 6, 0, 0, 0, 0, 0, 1, 7
"d:\REACT\ExpoApp-frontend2\backend\src\ExpoAPI\Contracts\Requests\Companies\GetNumberOfCompaniesApiRequestContract.cs", "C#", 0, 0, 0, 0, 0, 0, 0, 0, 6, 0, 0, 0, 0, 0, 1, 7
"d:\REACT\ExpoApp-frontend2\backend\src\ExpoAPI\Contracts\Requests\Companies\GetNumberOfEnteredCompaniesApiRequestContract.cs", "C#", 0, 0, 0, 0, 0, 0, 0, 0, 6, 0, 0, 0, 0, 0, 1, 7
"d:\REACT\ExpoApp-frontend2\backend\src\ExpoAPI\Contracts\Requests\Companies\GetNumberOfEnteredCompaniesWithoutPurchaseApiRequestContract.cs", "C#", 0, 0, 0, 0, 0, 0, 0, 0, 6, 0, 0, 0, 0, 0, 1, 7
"d:\REACT\ExpoApp-frontend2\backend\src\ExpoAPI\Contracts\Requests\Companies\GetNumberOfNotEnteredCompaniesApiRequestContract.cs", "C#", 0, 0, 0, 0, 0, 0, 0, 0, 6, 0, 0, 0, 0, 0, 1, 7
"d:\REACT\ExpoApp-frontend2\backend\src\ExpoAPI\Contracts\Requests\Companies\GetTotalEndorsementApiRequestContract.cs", "C#", 0, 0, 0, 0, 0, 0, 0, 0, 6, 0, 0, 0, 0, 0, 1, 7
"d:\REACT\ExpoApp-frontend2\backend\src\ExpoAPI\Contracts\Requests\Companies\UpdateCompanyByIdApiRequestContract.cs", "C#", 0, 0, 0, 0, 0, 0, 0, 0, 12, 0, 0, 0, 0, 0, 4, 16
"d:\REACT\ExpoApp-frontend2\backend\src\ExpoAPI\Contracts\Requests\Purchases\CreatePurchaseApiRequestContract.cs", "C#", 0, 0, 0, 0, 0, 0, 0, 0, 11, 0, 0, 0, 0, 0, 3, 14
"d:\REACT\ExpoApp-frontend2\backend\src\ExpoAPI\Contracts\Requests\Purchases\DeletePurchaseByIdApiRequestContract.cs", "C#", 0, 0, 0, 0, 0, 0, 0, 0, 9, 0, 0, 0, 0, 0, 2, 11
"d:\REACT\ExpoApp-frontend2\backend\src\ExpoAPI\Contracts\Requests\Purchases\GetNumberofPurchasesApiRequestContract.cs", "C#", 0, 0, 0, 0, 0, 0, 0, 0, 6, 0, 0, 0, 0, 0, 1, 7
"d:\REACT\ExpoApp-frontend2\backend\src\ExpoAPI\Contracts\Requests\Purchases\GetPurchaseByIdApiRequestContract.cs", "C#", 0, 0, 0, 0, 0, 0, 0, 0, 9, 0, 0, 0, 0, 0, 1, 10
"d:\REACT\ExpoApp-frontend2\backend\src\ExpoAPI\Contracts\Requests\Purchases\GetPurchasesApiRequestContract.cs", "C#", 0, 0, 0, 0, 0, 0, 0, 0, 8, 0, 0, 0, 0, 0, 2, 10
"d:\REACT\ExpoApp-frontend2\backend\src\ExpoAPI\Contracts\Requests\Purchases\GetPurchasesByPurchaserIdRequestContract.cs", "C#", 0, 0, 0, 0, 0, 0, 0, 0, 9, 0, 0, 0, 0, 0, 1, 10
"d:\REACT\ExpoApp-frontend2\backend\src\ExpoAPI\Contracts\Requests\Purchases\GetPurchasesBySellerIdRequestContract.cs", "C#", 0, 0, 0, 0, 0, 0, 0, 0, 9, 0, 0, 0, 0, 0, 1, 10
"d:\REACT\ExpoApp-frontend2\backend\src\ExpoAPI\Contracts\Requests\Purchases\GetPurchasesWithCompanyNamesApiRequestContract.cs", "C#", 0, 0, 0, 0, 0, 0, 0, 0, 8, 0, 0, 0, 0, 0, 1, 9
"d:\REACT\ExpoApp-frontend2\backend\src\ExpoAPI\Contracts\Requests\Purchases\UpdatePurchaseByIdApiRequestContract.cs", "C#", 0, 0, 0, 0, 0, 0, 0, 0, 12, 0, 0, 0, 0, 0, 5, 17
"d:\REACT\ExpoApp-frontend2\backend\src\ExpoAPI\Contracts\Responses\Accommodation\CreateAccommodationApiResponseContract.cs", "C#", 0, 0, 0, 0, 0, 0, 0, 0, 6, 0, 0, 0, 0, 0, 1, 7
"d:\REACT\ExpoApp-frontend2\backend\src\ExpoAPI\Contracts\Responses\Accommodation\DeleteAccommodationByIdApiResponseContract.cs", "C#", 0, 0, 0, 0, 0, 0, 0, 0, 6, 0, 0, 0, 0, 0, 1, 7
"d:\REACT\ExpoApp-frontend2\backend\src\ExpoAPI\Contracts\Responses\Accommodation\GetAccommodationByIdApiResponseContract.cs", "C#", 0, 0, 0, 0, 0, 0, 0, 0, 7, 0, 0, 0, 0, 0, 1, 8
"d:\REACT\ExpoApp-frontend2\backend\src\ExpoAPI\Contracts\Responses\Accommodation\GetAccommodationsApiResponseContract.cs", "C#", 0, 0, 0, 0, 0, 0, 0, 0, 8, 0, 0, 0, 0, 0, 1, 9
"d:\REACT\ExpoApp-frontend2\backend\src\ExpoAPI\Contracts\Responses\Accommodation\GetNumberOfAccommodationsApiResponseContract.cs", "C#", 0, 0, 0, 0, 0, 0, 0, 0, 6, 0, 0, 0, 0, 0, 1, 7
"d:\REACT\ExpoApp-frontend2\backend\src\ExpoAPI\Contracts\Responses\Accommodation\UpdateAccommodationByIdApiResponseContract.cs", "C#", 0, 0, 0, 0, 0, 0, 0, 0, 6, 0, 0, 0, 0, 0, 1, 7
"d:\REACT\ExpoApp-frontend2\backend\src\ExpoAPI\Contracts\Responses\Admin\GetAdminInformationApiResponseContract.cs", "C#", 0, 0, 0, 0, 0, 0, 0, 0, 7, 0, 0, 0, 0, 0, 1, 8
"d:\REACT\ExpoApp-frontend2\backend\src\ExpoAPI\Contracts\Responses\ApiResponseBaseContract.cs", "C#", 0, 0, 0, 0, 0, 0, 0, 0, 14, 0, 0, 0, 0, 0, 3, 17
"d:\REACT\ExpoApp-frontend2\backend\src\ExpoAPI\Contracts\Responses\Companies\CreateCompanyApiResponseContract.cs", "C#", 0, 0, 0, 0, 0, 0, 0, 0, 7, 0, 0, 0, 0, 0, 1, 8
"d:\REACT\ExpoApp-frontend2\backend\src\ExpoAPI\Contracts\Responses\Companies\DeleteCompanyByIdApiResponseContract.cs", "C#", 0, 0, 0, 0, 0, 0, 0, 0, 7, 0, 0, 0, 0, 0, 2, 9
"d:\REACT\ExpoApp-frontend2\backend\src\ExpoAPI\Contracts\Responses\Companies\GetCompaniesApiResponseContract.cs", "C#", 0, 0, 0, 0, 0, 0, 0, 0, 8, 0, 0, 0, 0, 0, 2, 10
"d:\REACT\ExpoApp-frontend2\backend\src\ExpoAPI\Contracts\Responses\Companies\GetCompanyByIdApiResponseContract.cs", "C#", 0, 0, 0, 0, 0, 0, 0, 0, 7, 0, 0, 0, 0, 0, 2, 9
"d:\REACT\ExpoApp-frontend2\backend\src\ExpoAPI\Contracts\Responses\Companies\GetCompanyIdByNameApiResponseContract.cs", "C#", 0, 0, 0, 0, 0, 0, 0, 0, 7, 0, 0, 0, 0, 0, 2, 9
"d:\REACT\ExpoApp-frontend2\backend\src\ExpoAPI\Contracts\Responses\Companies\GetCompanyNameByIdApiResponseContract.cs", "C#", 0, 0, 0, 0, 0, 0, 0, 0, 7, 0, 0, 0, 0, 0, 2, 9
"d:\REACT\ExpoApp-frontend2\backend\src\ExpoAPI\Contracts\Responses\Companies\GetCompanyNamesApiResponseContract.cs", "C#", 0, 0, 0, 0, 0, 0, 0, 0, 8, 0, 0, 0, 0, 0, 2, 10
"d:\REACT\ExpoApp-frontend2\backend\src\ExpoAPI\Contracts\Responses\Companies\GetEnteredCompaniesApiResponseContract.cs", "C#", 0, 0, 0, 0, 0, 0, 0, 0, 8, 0, 0, 0, 0, 0, 2, 10
"d:\REACT\ExpoApp-frontend2\backend\src\ExpoAPI\Contracts\Responses\Companies\GetEnteredCompaniesWithoutPurchaseApiResponseContract.cs", "C#", 0, 0, 0, 0, 0, 0, 0, 0, 8, 0, 0, 0, 0, 0, 2, 10
"d:\REACT\ExpoApp-frontend2\backend\src\ExpoAPI\Contracts\Responses\Companies\GetNotEnteredCompaniesApiResponseContract.cs", "C#", 0, 0, 0, 0, 0, 0, 0, 0, 8, 0, 0, 0, 0, 0, 2, 10
"d:\REACT\ExpoApp-frontend2\backend\src\ExpoAPI\Contracts\Responses\Companies\GetNumberOfCompaniesApiResponseContract.cs", "C#", 0, 0, 0, 0, 0, 0, 0, 0, 6, 0, 0, 0, 0, 0, 1, 7
"d:\REACT\ExpoApp-frontend2\backend\src\ExpoAPI\Contracts\Responses\Companies\GetNumberOfEnteredCompaniesApiResponseContract.cs", "C#", 0, 0, 0, 0, 0, 0, 0, 0, 6, 0, 0, 0, 0, 0, 1, 7
"d:\REACT\ExpoApp-frontend2\backend\src\ExpoAPI\Contracts\Responses\Companies\GetNumberOfEnteredCompaniesWithoutPurchaseApiResponseContract.cs", "C#", 0, 0, 0, 0, 0, 0, 0, 0, 6, 0, 0, 0, 0, 0, 1, 7
"d:\REACT\ExpoApp-frontend2\backend\src\ExpoAPI\Contracts\Responses\Companies\GetNumberOfNotEnteredCompaniesApiResponseContract.cs", "C#", 0, 0, 0, 0, 0, 0, 0, 0, 6, 0, 0, 0, 0, 0, 1, 7
"d:\REACT\ExpoApp-frontend2\backend\src\ExpoAPI\Contracts\Responses\Companies\GetTotalEndorsementApiResponseContract.cs", "C#", 0, 0, 0, 0, 0, 0, 0, 0, 8, 0, 0, 0, 0, 0, 2, 10
"d:\REACT\ExpoApp-frontend2\backend\src\ExpoAPI\Contracts\Responses\Companies\UpdateCompanyByIdApiResponseContract.cs", "C#", 0, 0, 0, 0, 0, 0, 0, 0, 7, 0, 0, 0, 0, 0, 2, 9
"d:\REACT\ExpoApp-frontend2\backend\src\ExpoAPI\Contracts\Responses\Purchases\CreatePurchaseApiResponseContract.cs", "C#", 0, 0, 0, 0, 0, 0, 0, 0, 7, 0, 0, 0, 0, 0, 1, 8
"d:\REACT\ExpoApp-frontend2\backend\src\ExpoAPI\Contracts\Responses\Purchases\DeletePurchaseByIdApiResponseContract.cs", "C#", 0, 0, 0, 0, 0, 0, 0, 0, 7, 0, 0, 0, 0, 0, 2, 9
"d:\REACT\ExpoApp-frontend2\backend\src\ExpoAPI\Contracts\Responses\Purchases\GetNumberOfPurchasesApiResponseContract.cs", "C#", 0, 0, 0, 0, 0, 0, 0, 0, 7, 0, 0, 0, 0, 0, 1, 8
"d:\REACT\ExpoApp-frontend2\backend\src\ExpoAPI\Contracts\Responses\Purchases\GetPurchaseByIdApiResponseContract.cs", "C#", 0, 0, 0, 0, 0, 0, 0, 0, 7, 0, 0, 0, 0, 0, 2, 9
"d:\REACT\ExpoApp-frontend2\backend\src\ExpoAPI\Contracts\Responses\Purchases\GetPurchasesApiResponseContract.cs", "C#", 0, 0, 0, 0, 0, 0, 0, 0, 8, 0, 0, 0, 0, 0, 2, 10
"d:\REACT\ExpoApp-frontend2\backend\src\ExpoAPI\Contracts\Responses\Purchases\GetPurchasesByPurchaserIdResponseContract.cs", "C#", 0, 0, 0, 0, 0, 0, 0, 0, 8, 0, 0, 0, 0, 0, 1, 9
"d:\REACT\ExpoApp-frontend2\backend\src\ExpoAPI\Contracts\Responses\Purchases\GetPurchasesBySellerIdResponseContract.cs", "C#", 0, 0, 0, 0, 0, 0, 0, 0, 8, 0, 0, 0, 0, 0, 1, 9
"d:\REACT\ExpoApp-frontend2\backend\src\ExpoAPI\Contracts\Responses\Purchases\GetPurchasesWithCompanyNamesApiResponseContract.cs", "C#", 0, 0, 0, 0, 0, 0, 0, 0, 8, 0, 0, 0, 0, 0, 1, 9
"d:\REACT\ExpoApp-frontend2\backend\src\ExpoAPI\Contracts\Responses\Purchases\UpdatePurchaseByIdApiResponseContract.cs", "C#", 0, 0, 0, 0, 0, 0, 0, 0, 7, 0, 0, 0, 0, 0, 2, 9
"d:\REACT\ExpoApp-frontend2\backend\src\ExpoAPI\Contracts\ValidationState.cs", "C#", 0, 0, 0, 0, 0, 0, 0, 0, 13, 0, 0, 0, 0, 0, 1, 14
"d:\REACT\ExpoApp-frontend2\backend\src\ExpoAPI\ErrorCodes\DomainErrorCodes.cs", "C#", 0, 0, 0, 0, 0, 0, 0, 0, 11, 0, 0, 0, 0, 0, 2, 13
"d:\REACT\ExpoApp-frontend2\backend\src\ExpoAPI\ExpoAPI.csproj", "XML", 0, 0, 0, 0, 0, 0, 0, 0, 0, 51, 0, 0, 0, 0, 4, 55
"d:\REACT\ExpoApp-frontend2\backend\src\ExpoAPI\Extensions\DateTimeServiceCollectionExtension.cs", "C#", 0, 0, 0, 0, 0, 0, 0, 0, 11, 0, 0, 0, 0, 0, 2, 13
"d:\REACT\ExpoApp-frontend2\backend\src\ExpoAPI\Infrastructure\Adapters\HashingAdapter.cs", "C#", 0, 0, 0, 0, 0, 0, 0, 0, 20, 0, 0, 0, 0, 0, 2, 22
"d:\REACT\ExpoApp-frontend2\backend\src\ExpoAPI\Infrastructure\Adapters\IHashingAdapter.cs", "C#", 0, 0, 0, 0, 0, 0, 0, 0, 7, 0, 0, 0, 0, 0, 1, 8
"d:\REACT\ExpoApp-frontend2\backend\src\ExpoAPI\Infrastructure\Behaviors\LoggingBehavior.cs", "C#", 0, 0, 0, 0, 0, 0, 0, 0, 34, 0, 0, 0, 0, 0, 6, 40
"d:\REACT\ExpoApp-frontend2\backend\src\ExpoAPI\Infrastructure\Middlewares\SecurityMiddleware.cs", "C#", 0, 0, 0, 0, 0, 0, 0, 0, 25, 0, 0, 0, 0, 0, 4, 29
"d:\REACT\ExpoApp-frontend2\backend\src\ExpoAPI\Infrastructure\Repositories\BaseRepository.cs", "C#", 0, 0, 0, 0, 0, 0, 0, 0, 25, 0, 0, 0, 0, 0, 3, 28
"d:\REACT\ExpoApp-frontend2\backend\src\ExpoAPI\Infrastructure\Repositories\CryptoServiceCollectionExtensions.cs", "C#", 0, 0, 0, 0, 0, 0, 0, 0, 17, 0, 0, 0, 0, 0, 2, 19
"d:\REACT\ExpoApp-frontend2\backend\src\ExpoAPI\Infrastructure\Repositories\DapperPolly.cs", "C#", 0, 0, 0, 0, 0, 0, 0, 0, 145, 0, 0, 0, 0, 31, 15, 191
"d:\REACT\ExpoApp-frontend2\backend\src\ExpoAPI\Infrastructure\Repositories\ExpoAPIQueryRepository.cs", "C#", 0, 0, 0, 0, 0, 0, 0, 0, 577, 0, 0, 0, 0, 0, 57, 634
"d:\REACT\ExpoApp-frontend2\backend\src\ExpoAPI\Infrastructure\Repositories\IDapperPolly.cs", "C#", 0, 0, 0, 0, 0, 0, 0, 0, 10, 0, 0, 0, 0, 0, 1, 11
"d:\REACT\ExpoApp-frontend2\backend\src\ExpoAPI\Infrastructure\Repositories\IExpoAPIQueryRepository.cs", "C#", 0, 0, 0, 0, 0, 0, 0, 0, 45, 0, 0, 0, 0, 0, 8, 53
"d:\REACT\ExpoApp-frontend2\backend\src\ExpoAPI\Infrastructure\Repositories\RepositoryServiceCollectionExtensions.cs", "C#", 0, 0, 0, 0, 0, 0, 0, 0, 12, 0, 0, 0, 0, 0, 1, 13
"d:\REACT\ExpoApp-frontend2\backend\src\ExpoAPI\Program.cs", "C#", 0, 0, 0, 0, 0, 0, 0, 0, 45, 0, 0, 0, 0, 0, 4, 49
"d:\REACT\ExpoApp-frontend2\backend\src\ExpoAPI\Properties\launchSettings.json", "JSON", 0, 0, 31, 0, 0, 0, 0, 0, 0, 0, 0, 0, 0, 0, 1, 32
"d:\REACT\ExpoApp-frontend2\backend\src\ExpoAPI\Startup.cs", "C#", 0, 0, 0, 0, 0, 0, 0, 0, 56, 0, 0, 0, 0, 0, 3, 59
"d:\REACT\ExpoApp-frontend2\backend\src\ExpoAPI\appsettings.Development.json", "JSON", 0, 0, 9, 0, 0, 0, 0, 0, 0, 0, 0, 0, 0, 0, 1, 10
"d:\REACT\ExpoApp-frontend2\backend\src\ExpoAPI\appsettings.json", "JSON", 0, 0, 13, 0, 0, 0, 0, 0, 0, 0, 0, 0, 0, 0, 1, 14
"d:\REACT\ExpoApp-frontend2\backend\src\ExpoAPI\v1\UseCases\Accommodation\AccommodationContract.cs", "C#", 0, 0, 0, 0, 0, 0, 0, 0, 32, 0, 0, 0, 0, 0, 2, 34
"d:\REACT\ExpoApp-frontend2\backend\src\ExpoAPI\v1\UseCases\Accommodation\AccommodationDBContract.cs", "C#", 0, 0, 0, 0, 0, 0, 0, 0, 34, 0, 0, 0, 0, 0, 2, 36
"d:\REACT\ExpoApp-frontend2\backend\src\ExpoAPI\v1\UseCases\Accommodation\CreateAccommodation\CreateAccommodationCommand.cs", "C#", 0, 0, 0, 0, 0, 0, 0, 0, 12, 0, 0, 0, 0, 0, 2, 14
"d:\REACT\ExpoApp-frontend2\backend\src\ExpoAPI\v1\UseCases\Accommodation\CreateAccommodation\CreateAccommodationCommandHandler.cs", "C#", 0, 0, 0, 0, 0, 0, 0, 0, 57, 0, 0, 0, 0, 0, 7, 64
"d:\REACT\ExpoApp-frontend2\backend\src\ExpoAPI\v1\UseCases\Accommodation\CreateAccommodation\CreateAccommodationCommandResult.cs", "C#", 0, 0, 0, 0, 0, 0, 0, 0, 6, 0, 0, 0, 0, 0, 0, 6
"d:\REACT\ExpoApp-frontend2\backend\src\ExpoAPI\v1\UseCases\Accommodation\DeleteAccommodationById\DeleteAccommodationByIdCommand.cs", "C#", 0, 0, 0, 0, 0, 0, 0, 0, 12, 0, 0, 0, 0, 0, 2, 14
"d:\REACT\ExpoApp-frontend2\backend\src\ExpoAPI\v1\UseCases\Accommodation\DeleteAccommodationById\DeleteAccommodationByIdCommandHandler.cs", "C#", 0, 0, 0, 0, 0, 0, 0, 0, 57, 0, 0, 0, 0, 0, 7, 64
"d:\REACT\ExpoApp-frontend2\backend\src\ExpoAPI\v1\UseCases\Accommodation\DeleteAccommodationById\DeleteAccommodationByIdCommandResult.cs", "C#", 0, 0, 0, 0, 0, 0, 0, 0, 6, 0, 0, 0, 0, 0, 0, 6
"d:\REACT\ExpoApp-frontend2\backend\src\ExpoAPI\v1\UseCases\Accommodation\GetAccommodationById\GetAccommodationByIdCommand.cs", "C#", 0, 0, 0, 0, 0, 0, 0, 0, 12, 0, 0, 0, 0, 0, 3, 15
"d:\REACT\ExpoApp-frontend2\backend\src\ExpoAPI\v1\UseCases\Accommodation\GetAccommodationById\GetAccommodationByIdCommandHandler.cs", "C#", 0, 0, 0, 0, 0, 0, 0, 0, 86, 0, 0, 0, 0, 0, 9, 95
"d:\REACT\ExpoApp-frontend2\backend\src\ExpoAPI\v1\UseCases\Accommodation\GetAccommodationById\GetAccommodationByIdCommandResult.cs", "C#", 0, 0, 0, 0, 0, 0, 0, 0, 7, 0, 0, 0, 0, 0, 0, 7
"d:\REACT\ExpoApp-frontend2\backend\src\ExpoAPI\v1\UseCases\Accommodation\GetAccommodations\GetAccommodationsCommand.cs", "C#", 0, 0, 0, 0, 0, 0, 0, 0, 7, 0, 0, 0, 0, 0, 2, 9
"d:\REACT\ExpoApp-frontend2\backend\src\ExpoAPI\v1\UseCases\Accommodation\GetAccommodations\GetAccommodationsCommandHandler.cs", "C#", 0, 0, 0, 0, 0, 0, 0, 0, 92, 0, 0, 0, 0, 0, 8, 100
"d:\REACT\ExpoApp-frontend2\backend\src\ExpoAPI\v1\UseCases\Accommodation\GetAccommodations\GetAccommodationsCommandResult.cs", "C#", 0, 0, 0, 0, 0, 0, 0, 0, 8, 0, 0, 0, 0, 0, 1, 9
"d:\REACT\ExpoApp-frontend2\backend\src\ExpoAPI\v1\UseCases\Accommodation\GetNumberOfAccommodations\GetNumberOfAccommodationsCommand.cs", "C#", 0, 0, 0, 0, 0, 0, 0, 0, 7, 0, 0, 0, 0, 0, 2, 9
"d:\REACT\ExpoApp-frontend2\backend\src\ExpoAPI\v1\UseCases\Accommodation\GetNumberOfAccommodations\GetNumberOfAccommodationsCommandHandler.cs", "C#", 0, 0, 0, 0, 0, 0, 0, 0, 59, 0, 0, 0, 0, 0, 7, 66
"d:\REACT\ExpoApp-frontend2\backend\src\ExpoAPI\v1\UseCases\Accommodation\GetNumberOfAccommodations\GetNumberOfAccommodationsCommandResult.cs", "C#", 0, 0, 0, 0, 0, 0, 0, 0, 7, 0, 0, 0, 0, 0, 0, 7
"d:\REACT\ExpoApp-frontend2\backend\src\ExpoAPI\v1\UseCases\Accommodation\UpdateAccommodationById\UpdateAccommodationByIdCommand.cs", "C#", 0, 0, 0, 0, 0, 0, 0, 0, 12, 0, 0, 0, 0, 0, 2, 14
"d:\REACT\ExpoApp-frontend2\backend\src\ExpoAPI\v1\UseCases\Accommodation\UpdateAccommodationById\UpdateAccommodationByIdCommandHandler.cs", "C#", 0, 0, 0, 0, 0, 0, 0, 0, 57, 0, 0, 0, 0, 0, 7, 64
"d:\REACT\ExpoApp-frontend2\backend\src\ExpoAPI\v1\UseCases\Accommodation\UpdateAccommodationById\UpdateAccommodationByIdCommandResult.cs", "C#", 0, 0, 0, 0, 0, 0, 0, 0, 6, 0, 0, 0, 0, 0, 0, 6
"d:\REACT\ExpoApp-frontend2\backend\src\ExpoAPI\v1\UseCases\Admin\GetAdminInformation\AdminInformationContract.cs", "C#", 0, 0, 0, 0, 0, 0, 0, 0, 8, 0, 0, 0, 0, 0, 0, 8
"d:\REACT\ExpoApp-frontend2\backend\src\ExpoAPI\v1\UseCases\Admin\GetAdminInformation\GetAdminInformationCommand.cs", "C#", 0, 0, 0, 0, 0, 0, 0, 0, 7, 0, 0, 0, 0, 0, 2, 9
"d:\REACT\ExpoApp-frontend2\backend\src\ExpoAPI\v1\UseCases\Admin\GetAdminInformation\GetAdminInformationCommandHandler.cs", "C#", 0, 0, 0, 0, 0, 0, 0, 0, 82, 0, 0, 0, 0, 2, 10, 94
"d:\REACT\ExpoApp-frontend2\backend\src\ExpoAPI\v1\UseCases\Admin\GetAdminInformation\GetAdminInformationCommandResult.cs", "C#", 0, 0, 0, 0, 0, 0, 0, 0, 7, 0, 0, 0, 0, 0, 1, 8
"d:\REACT\ExpoApp-frontend2\backend\src\ExpoAPI\v1\UseCases\CommandResultBase.cs", "C#", 0, 0, 0, 0, 0, 0, 0, 0, 12, 0, 0, 0, 0, 0, 2, 14
"d:\REACT\ExpoApp-frontend2\backend\src\ExpoAPI\v1\UseCases\Company\CompanyContract.cs", "C#", 0, 0, 0, 0, 0, 0, 0, 0, 12, 0, 0, 0, 0, 0, 3, 15
"d:\REACT\ExpoApp-frontend2\backend\src\ExpoAPI\v1\UseCases\Company\CreateCompany\CreateCompanyCommand.cs", "C#", 0, 0, 0, 0, 0, 0, 0, 0, 12, 0, 0, 0, 0, 0, 2, 14
"d:\REACT\ExpoApp-frontend2\backend\src\ExpoAPI\v1\UseCases\Company\CreateCompany\CreateCompanyCommandHandler.cs", "C#", 0, 0, 0, 0, 0, 0, 0, 0, 57, 0, 0, 0, 0, 0, 7, 64
"d:\REACT\ExpoApp-frontend2\backend\src\ExpoAPI\v1\UseCases\Company\CreateCompany\CreateCompanyCommandResult.cs", "C#", 0, 0, 0, 0, 0, 0, 0, 0, 6, 0, 0, 0, 0, 0, 0, 6
"d:\REACT\ExpoApp-frontend2\backend\src\ExpoAPI\v1\UseCases\Company\DeleteCompanyById\DeleteCompanyByIdCommand.cs", "C#", 0, 0, 0, 0, 0, 0, 0, 0, 12, 0, 0, 0, 0, 0, 2, 14
"d:\REACT\ExpoApp-frontend2\backend\src\ExpoAPI\v1\UseCases\Company\DeleteCompanyById\DeleteCompanyByIdCommandHandler.cs", "C#", 0, 0, 0, 0, 0, 0, 0, 0, 57, 0, 0, 0, 0, 0, 7, 64
"d:\REACT\ExpoApp-frontend2\backend\src\ExpoAPI\v1\UseCases\Company\DeleteCompanyById\DeleteCompanyByIdCommandResult.cs", "C#", 0, 0, 0, 0, 0, 0, 0, 0, 6, 0, 0, 0, 0, 0, 0, 6
"d:\REACT\ExpoApp-frontend2\backend\src\ExpoAPI\v1\UseCases\Company\GetCompanies\GetCompaniesCommand.cs", "C#", 0, 0, 0, 0, 0, 0, 0, 0, 7, 0, 0, 0, 0, 0, 2, 9
"d:\REACT\ExpoApp-frontend2\backend\src\ExpoAPI\v1\UseCases\Company\GetCompanies\GetCompaniesCommandHandler.cs", "C#", 0, 0, 0, 0, 0, 0, 0, 0, 59, 0, 0, 0, 0, 0, 7, 66
"d:\REACT\ExpoApp-frontend2\backend\src\ExpoAPI\v1\UseCases\Company\GetCompanies\GetCompaniesCommandResult.cs", "C#", 0, 0, 0, 0, 0, 0, 0, 0, 8, 0, 0, 0, 0, 0, 1, 9
"d:\REACT\ExpoApp-frontend2\backend\src\ExpoAPI\v1\UseCases\Company\GetCompanyById\GetCompanyByIdCommand.cs", "C#", 0, 0, 0, 0, 0, 0, 0, 0, 12, 0, 0, 0, 0, 0, 3, 15
"d:\REACT\ExpoApp-frontend2\backend\src\ExpoAPI\v1\UseCases\Company\GetCompanyById\GetCompanyByIdCommandHandler.cs", "C#", 0, 0, 0, 0, 0, 0, 0, 0, 58, 0, 0, 0, 0, 0, 7, 65
"d:\REACT\ExpoApp-frontend2\backend\src\ExpoAPI\v1\UseCases\Company\GetCompanyById\GetCompanyByIdCommandResult.cs", "C#", 0, 0, 0, 0, 0, 0, 0, 0, 7, 0, 0, 0, 0, 0, 0, 7
"d:\REACT\ExpoApp-frontend2\backend\src\ExpoAPI\v1\UseCases\Company\GetCompanyIdByName\GetCompanyIdByNameCommand.cs", "C#", 0, 0, 0, 0, 0, 0, 0, 0, 12, 0, 0, 0, 0, 0, 3, 15
"d:\REACT\ExpoApp-frontend2\backend\src\ExpoAPI\v1\UseCases\Company\GetCompanyIdByName\GetCompanyIdByNameCommandHandler.cs", "C#", 0, 0, 0, 0, 0, 0, 0, 0, 58, 0, 0, 0, 0, 0, 7, 65
"d:\REACT\ExpoApp-frontend2\backend\src\ExpoAPI\v1\UseCases\Company\GetCompanyIdByName\GetCompanyIdByNameCommandResult.cs", "C#", 0, 0, 0, 0, 0, 0, 0, 0, 7, 0, 0, 0, 0, 0, 0, 7
"d:\REACT\ExpoApp-frontend2\backend\src\ExpoAPI\v1\UseCases\Company\GetCompanyNameById\GetCompanyNameByIdCommand.cs", "C#", 0, 0, 0, 0, 0, 0, 0, 0, 12, 0, 0, 0, 0, 0, 3, 15
"d:\REACT\ExpoApp-frontend2\backend\src\ExpoAPI\v1\UseCases\Company\GetCompanyNameById\GetCompanyNameByIdCommandHandler.cs", "C#", 0, 0, 0, 0, 0, 0, 0, 0, 58, 0, 0, 0, 0, 0, 7, 65
"d:\REACT\ExpoApp-frontend2\backend\src\ExpoAPI\v1\UseCases\Company\GetCompanyNameById\GetCompanyNameByIdCommandResult.cs", "C#", 0, 0, 0, 0, 0, 0, 0, 0, 7, 0, 0, 0, 0, 0, 0, 7
"d:\REACT\ExpoApp-frontend2\backend\src\ExpoAPI\v1\UseCases\Company\GetCompanyNames\GetCompanyNamesCommand.cs", "C#", 0, 0, 0, 0, 0, 0, 0, 0, 7, 0, 0, 0, 0, 0, 2, 9
"d:\REACT\ExpoApp-frontend2\backend\src\ExpoAPI\v1\UseCases\Company\GetCompanyNames\GetCompanyNamesCommandHandler.cs", "C#", 0, 0, 0, 0, 0, 0, 0, 0, 59, 0, 0, 0, 0, 0, 7, 66
"d:\REACT\ExpoApp-frontend2\backend\src\ExpoAPI\v1\UseCases\Company\GetCompanyNames\GetCompanyNamesCommandResult.cs", "C#", 0, 0, 0, 0, 0, 0, 0, 0, 8, 0, 0, 0, 0, 0, 1, 9
"d:\REACT\ExpoApp-frontend2\backend\src\ExpoAPI\v1\UseCases\Company\GetEnteredCompaniesWithoutPurchase\GetEnteredCompaniesWithoutPurchaseCommand.cs", "C#", 0, 0, 0, 0, 0, 0, 0, 0, 7, 0, 0, 0, 0, 0, 2, 9
"d:\REACT\ExpoApp-frontend2\backend\src\ExpoAPI\v1\UseCases\Company\GetEnteredCompaniesWithoutPurchase\GetEnteredCompaniesWithoutPurchaseCommandHandler.cs", "C#", 0, 0, 0, 0, 0, 0, 0, 0, 59, 0, 0, 0, 0, 0, 7, 66
"d:\REACT\ExpoApp-frontend2\backend\src\ExpoAPI\v1\UseCases\Company\GetEnteredCompaniesWithoutPurchase\GetEnteredCompaniesWithoutPurchaseCommandResult.cs", "C#", 0, 0, 0, 0, 0, 0, 0, 0, 8, 0, 0, 0, 0, 0, 1, 9
"d:\REACT\ExpoApp-frontend2\backend\src\ExpoAPI\v1\UseCases\Company\GetEnteredCompanies\GetEnteredCompaniesCommand.cs", "C#", 0, 0, 0, 0, 0, 0, 0, 0, 7, 0, 0, 0, 0, 0, 2, 9
"d:\REACT\ExpoApp-frontend2\backend\src\ExpoAPI\v1\UseCases\Company\GetEnteredCompanies\GetEnteredCompaniesCommandHandler.cs", "C#", 0, 0, 0, 0, 0, 0, 0, 0, 59, 0, 0, 0, 0, 0, 7, 66
"d:\REACT\ExpoApp-frontend2\backend\src\ExpoAPI\v1\UseCases\Company\GetEnteredCompanies\GetEnteredCompaniesCommandResult.cs", "C#", 0, 0, 0, 0, 0, 0, 0, 0, 8, 0, 0, 0, 0, 0, 1, 9
"d:\REACT\ExpoApp-frontend2\backend\src\ExpoAPI\v1\UseCases\Company\GetNotEnteredCompanies\GetNotEnteredCompaniesCommand.cs", "C#", 0, 0, 0, 0, 0, 0, 0, 0, 7, 0, 0, 0, 0, 0, 2, 9
"d:\REACT\ExpoApp-frontend2\backend\src\ExpoAPI\v1\UseCases\Company\GetNotEnteredCompanies\GetNotEnteredCompaniesCommandHandler.cs", "C#", 0, 0, 0, 0, 0, 0, 0, 0, 59, 0, 0, 0, 0, 0, 7, 66
"d:\REACT\ExpoApp-frontend2\backend\src\ExpoAPI\v1\UseCases\Company\GetNotEnteredCompanies\GetNotEnteredCompaniesCommandResult.cs", "C#", 0, 0, 0, 0, 0, 0, 0, 0, 8, 0, 0, 0, 0, 0, 1, 9
"d:\REACT\ExpoApp-frontend2\backend\src\ExpoAPI\v1\UseCases\Company\GetNumberOfCompanies\GetNumberOfCompaniesCommand.cs", "C#", 0, 0, 0, 0, 0, 0, 0, 0, 7, 0, 0, 0, 0, 0, 2, 9
"d:\REACT\ExpoApp-frontend2\backend\src\ExpoAPI\v1\UseCases\Company\GetNumberOfCompanies\GetNumberOfCompaniesCommandHandler.cs", "C#", 0, 0, 0, 0, 0, 0, 0, 0, 59, 0, 0, 0, 0, 0, 7, 66
"d:\REACT\ExpoApp-frontend2\backend\src\ExpoAPI\v1\UseCases\Company\GetNumberOfCompanies\GetNumberOfCompaniesCommandResult.cs", "C#", 0, 0, 0, 0, 0, 0, 0, 0, 8, 0, 0, 0, 0, 0, 1, 9
"d:\REACT\ExpoApp-frontend2\backend\src\ExpoAPI\v1\UseCases\Company\GetNumberOfEnteredCompaniesWithoutPurchase\GetNumberOfEnteredCompaniesWithoutPurchaseCommand.cs", "C#", 0, 0, 0, 0, 0, 0, 0, 0, 7, 0, 0, 0, 0, 0, 2, 9
"d:\REACT\ExpoApp-frontend2\backend\src\ExpoAPI\v1\UseCases\Company\GetNumberOfEnteredCompaniesWithoutPurchase\GetNumberOfEnteredCompaniesWithoutPurchaseCommandHandler.cs", "C#", 0, 0, 0, 0, 0, 0, 0, 0, 59, 0, 0, 0, 0, 0, 7, 66
"d:\REACT\ExpoApp-frontend2\backend\src\ExpoAPI\v1\UseCases\Company\GetNumberOfEnteredCompaniesWithoutPurchase\GetNumberOfEnteredCompaniesWithoutPurchaseCommandResult.cs", "C#", 0, 0, 0, 0, 0, 0, 0, 0, 8, 0, 0, 0, 0, 0, 1, 9
"d:\REACT\ExpoApp-frontend2\backend\src\ExpoAPI\v1\UseCases\Company\GetNumberOfEnteredCompanies\GetNumberOfEnteredCompaniesCommand.cs", "C#", 0, 0, 0, 0, 0, 0, 0, 0, 7, 0, 0, 0, 0, 0, 2, 9
"d:\REACT\ExpoApp-frontend2\backend\src\ExpoAPI\v1\UseCases\Company\GetNumberOfEnteredCompanies\GetNumberOfEnteredCompaniesCommandHandler.cs", "C#", 0, 0, 0, 0, 0, 0, 0, 0, 59, 0, 0, 0, 0, 0, 7, 66
"d:\REACT\ExpoApp-frontend2\backend\src\ExpoAPI\v1\UseCases\Company\GetNumberOfEnteredCompanies\GetNumberOfEnteredCompaniesCommandResult.cs", "C#", 0, 0, 0, 0, 0, 0, 0, 0, 8, 0, 0, 0, 0, 0, 1, 9
"d:\REACT\ExpoApp-frontend2\backend\src\ExpoAPI\v1\UseCases\Company\GetNumberOfNotEnteredCompanies\GetNotNumberOfEnteredCompaniesCommand.cs", "C#", 0, 0, 0, 0, 0, 0, 0, 0, 7, 0, 0, 0, 0, 0, 2, 9
"d:\REACT\ExpoApp-frontend2\backend\src\ExpoAPI\v1\UseCases\Company\GetNumberOfNotEnteredCompanies\GetNotNumberOfEnteredCompaniesCommandHandler.cs", "C#", 0, 0, 0, 0, 0, 0, 0, 0, 59, 0, 0, 0, 0, 0, 7, 66
"d:\REACT\ExpoApp-frontend2\backend\src\ExpoAPI\v1\UseCases\Company\GetNumberOfNotEnteredCompanies\GetNotNumberOfEnteredCompaniesCommandResult.cs", "C#", 0, 0, 0, 0, 0, 0, 0, 0, 8, 0, 0, 0, 0, 0, 1, 9
"d:\REACT\ExpoApp-frontend2\backend\src\ExpoAPI\v1\UseCases\Company\GetTotalEndorsement\GetTotalEndorsementCommand.cs", "C#", 0, 0, 0, 0, 0, 0, 0, 0, 7, 0, 0, 0, 0, 0, 2, 9
"d:\REACT\ExpoApp-frontend2\backend\src\ExpoAPI\v1\UseCases\Company\GetTotalEndorsement\GetTotalEndorsementCommandHandler.cs", "C#", 0, 0, 0, 0, 0, 0, 0, 0, 59, 0, 0, 0, 0, 0, 7, 66
"d:\REACT\ExpoApp-frontend2\backend\src\ExpoAPI\v1\UseCases\Company\GetTotalEndorsement\GetTotalEndorsementCommandResult.cs", "C#", 0, 0, 0, 0, 0, 0, 0, 0, 8, 0, 0, 0, 0, 0, 1, 9
"d:\REACT\ExpoApp-frontend2\backend\src\ExpoAPI\v1\UseCases\Company\UpdateCompanyById\UpdateCompanyByIdCommand.cs", "C#", 0, 0, 0, 0, 0, 0, 0, 0, 12, 0, 0, 0, 0, 0, 3, 15
"d:\REACT\ExpoApp-frontend2\backend\src\ExpoAPI\v1\UseCases\Company\UpdateCompanyById\UpdateCompanyByIdCommandHandler.cs", "C#", 0, 0, 0, 0, 0, 0, 0, 0, 57, 0, 0, 0, 0, 0, 7, 64
"d:\REACT\ExpoApp-frontend2\backend\src\ExpoAPI\v1\UseCases\Company\UpdateCompanyById\UpdateCompanyByIdCommandResult.cs", "C#", 0, 0, 0, 0, 0, 0, 0, 0, 6, 0, 0, 0, 0, 0, 0, 6
"d:\REACT\ExpoApp-frontend2\backend\src\ExpoAPI\v1\UseCases\Controllers\AccommodationController.cs", "C#", 0, 0, 0, 0, 0, 0, 0, 0, 213, 0, 0, 0, 0, 0, 19, 232
"d:\REACT\ExpoApp-frontend2\backend\src\ExpoAPI\v1\UseCases\Controllers\AdminController.cs", "C#", 0, 0, 0, 0, 0, 0, 0, 0, 47, 0, 0, 0, 0, 0, 5, 52
"d:\REACT\ExpoApp-frontend2\backend\src\ExpoAPI\v1\UseCases\Controllers\CompanyController.cs", "C#", 0, 0, 0, 0, 0, 0, 0, 0, 404, 0, 0, 0, 0, 0, 50, 454
"d:\REACT\ExpoApp-frontend2\backend\src\ExpoAPI\v1\UseCases\Controllers\PurchaseController.cs", "C#", 0, 0, 0, 0, 0, 0, 0, 0, 248, 0, 0, 0, 0, 0, 21, 269
"d:\REACT\ExpoApp-frontend2\backend\src\ExpoAPI\v1\UseCases\Purchase\CreatePurchase\CreatePurchaseCommand.cs", "C#", 0, 0, 0, 0, 0, 0, 0, 0, 12, 0, 0, 0, 0, 0, 2, 14
"d:\REACT\ExpoApp-frontend2\backend\src\ExpoAPI\v1\UseCases\Purchase\CreatePurchase\CreatePurchaseCommandHandler.cs", "C#", 0, 0, 0, 0, 0, 0, 0, 0, 59, 0, 0, 0, 0, 0, 7, 66
"d:\REACT\ExpoApp-frontend2\backend\src\ExpoAPI\v1\UseCases\Purchase\CreatePurchase\CreatePurchaseCommandResult.cs", "C#", 0, 0, 0, 0, 0, 0, 0, 0, 6, 0, 0, 0, 0, 0, 0, 6
"d:\REACT\ExpoApp-frontend2\backend\src\ExpoAPI\v1\UseCases\Purchase\DeletePurchaseById\DeletePurchaseByIdCommand.cs", "C#", 0, 0, 0, 0, 0, 0, 0, 0, 12, 0, 0, 0, 0, 0, 2, 14
"d:\REACT\ExpoApp-frontend2\backend\src\ExpoAPI\v1\UseCases\Purchase\DeletePurchaseById\DeletePurchaseByIdCommandHandler.cs", "C#", 0, 0, 0, 0, 0, 0, 0, 0, 59, 0, 0, 0, 0, 0, 7, 66
"d:\REACT\ExpoApp-frontend2\backend\src\ExpoAPI\v1\UseCases\Purchase\DeletePurchaseById\DeletePurchaseByIdCommandResult.cs", "C#", 0, 0, 0, 0, 0, 0, 0, 0, 6, 0, 0, 0, 0, 0, 0, 6
"d:\REACT\ExpoApp-frontend2\backend\src\ExpoAPI\v1\UseCases\Purchase\GetNumberOfPurchases\GetNumberOfPurchasesCommand.cs", "C#", 0, 0, 0, 0, 0, 0, 0, 0, 7, 0, 0, 0, 0, 0, 2, 9
"d:\REACT\ExpoApp-frontend2\backend\src\ExpoAPI\v1\UseCases\Purchase\GetNumberOfPurchases\GetNumberOfPurchasesCommandHandler.cs", "C#", 0, 0, 0, 0, 0, 0, 0, 0, 59, 0, 0, 0, 0, 0, 7, 66
"d:\REACT\ExpoApp-frontend2\backend\src\ExpoAPI\v1\UseCases\Purchase\GetNumberOfPurchases\GetNumberOfPurchasesCommandResult.cs", "C#", 0, 0, 0, 0, 0, 0, 0, 0, 8, 0, 0, 0, 0, 0, 1, 9
"d:\REACT\ExpoApp-frontend2\backend\src\ExpoAPI\v1\UseCases\Purchase\GetPurchaseById\GetPurchaseByIdCommand.cs", "C#", 0, 0, 0, 0, 0, 0, 0, 0, 12, 0, 0, 0, 0, 0, 2, 14
"d:\REACT\ExpoApp-frontend2\backend\src\ExpoAPI\v1\UseCases\Purchase\GetPurchaseById\GetPurchaseByIdCommandHandler.cs", "C#", 0, 0, 0, 0, 0, 0, 0, 0, 84, 0, 0, 0, 0, 0, 10, 94
"d:\REACT\ExpoApp-frontend2\backend\src\ExpoAPI\v1\UseCases\Purchase\GetPurchaseById\GetPurchaseByIdCommandResult.cs", "C#", 0, 0, 0, 0, 0, 0, 0, 0, 7, 0, 0, 0, 0, 0, 0, 7
"d:\REACT\ExpoApp-frontend2\backend\src\ExpoAPI\v1\UseCases\Purchase\GetPurchasesByPurchaserId\GetPurchasesByPurchaserIdCommand.cs", "C#", 0, 0, 0, 0, 0, 0, 0, 0, 12, 0, 0, 0, 0, 0, 2, 14
"d:\REACT\ExpoApp-frontend2\backend\src\ExpoAPI\v1\UseCases\Purchase\GetPurchasesByPurchaserId\GetPurchasesByPurchaserIdCommandHandler.cs", "C#", 0, 0, 0, 0, 0, 0, 0, 0, 90, 0, 0, 0, 0, 0, 9, 99
"d:\REACT\ExpoApp-frontend2\backend\src\ExpoAPI\v1\UseCases\Purchase\GetPurchasesByPurchaserId\GetPurchasesByPurchaserIdCommandResult.cs", "C#", 0, 0, 0, 0, 0, 0, 0, 0, 8, 0, 0, 0, 0, 0, 1, 9
"d:\REACT\ExpoApp-frontend2\backend\src\ExpoAPI\v1\UseCases\Purchase\GetPurchasesBySellerId\GetPurchasesBySellerIdCommand.cs", "C#", 0, 0, 0, 0, 0, 0, 0, 0, 12, 0, 0, 0, 0, 0, 2, 14
"d:\REACT\ExpoApp-frontend2\backend\src\ExpoAPI\v1\UseCases\Purchase\GetPurchasesBySellerId\GetPurchasesBySellerIdCommandHandler.cs", "C#", 0, 0, 0, 0, 0, 0, 0, 0, 90, 0, 0, 0, 0, 0, 9, 99
"d:\REACT\ExpoApp-frontend2\backend\src\ExpoAPI\v1\UseCases\Purchase\GetPurchasesBySellerId\GetPurchasesBySellerIdCommandResult.cs", "C#", 0, 0, 0, 0, 0, 0, 0, 0, 8, 0, 0, 0, 0, 0, 1, 9
"d:\REACT\ExpoApp-frontend2\backend\src\ExpoAPI\v1\UseCases\Purchase\GetPurchasesWithCompanyName\GetPurchasesWithCompanyNameCommand.cs", "C#", 0, 0, 0, 0, 0, 0, 0, 0, 7, 0, 0, 0, 0, 0, 2, 9
"d:\REACT\ExpoApp-frontend2\backend\src\ExpoAPI\v1\UseCases\Purchase\GetPurchasesWithCompanyName\GetPurchasesWithCompanyNameCommandHandler.cs", "C#", 0, 0, 0, 0, 0, 0, 0, 0, 90, 0, 0, 0, 0, 0, 10, 100
"d:\REACT\ExpoApp-frontend2\backend\src\ExpoAPI\v1\UseCases\Purchase\GetPurchasesWithCompanyName\GetPurchasesWithCompanyNameCommandResult.cs", "C#", 0, 0, 0, 0, 0, 0, 0, 0, 8, 0, 0, 0, 0, 0, 1, 9
"d:\REACT\ExpoApp-frontend2\backend\src\ExpoAPI\v1\UseCases\Purchase\GetPurchases\GetPurchasesCommand.cs", "C#", 0, 0, 0, 0, 0, 0, 0, 0, 7, 0, 0, 0, 0, 0, 2, 9
"d:\REACT\ExpoApp-frontend2\backend\src\ExpoAPI\v1\UseCases\Purchase\GetPurchases\GetPurchasesCommandHandler.cs", "C#", 0, 0, 0, 0, 0, 0, 0, 0, 90, 0, 0, 0, 0, 0, 10, 100
"d:\REACT\ExpoApp-frontend2\backend\src\ExpoAPI\v1\UseCases\Purchase\GetPurchases\GetPurchasesCommandResult.cs", "C#", 0, 0, 0, 0, 0, 0, 0, 0, 8, 0, 0, 0, 0, 0, 1, 9
"d:\REACT\ExpoApp-frontend2\backend\src\ExpoAPI\v1\UseCases\Purchase\PurchaseContract.cs", "C#", 0, 0, 0, 0, 0, 0, 0, 0, 13, 0, 0, 0, 0, 0, 1, 14
"d:\REACT\ExpoApp-frontend2\backend\src\ExpoAPI\v1\UseCases\Purchase\PurchaseWithNamesContract.cs", "C#", 0, 0, 0, 0, 0, 0, 0, 0, 13, 0, 0, 0, 0, 0, 1, 14
"d:\REACT\ExpoApp-frontend2\backend\src\ExpoAPI\v1\UseCases\Purchase\UpdatePurchaseById\UpdatePurchaseByIdCommand.cs", "C#", 0, 0, 0, 0, 0, 0, 0, 0, 12, 0, 0, 0, 0, 0, 2, 14
"d:\REACT\ExpoApp-frontend2\backend\src\ExpoAPI\v1\UseCases\Purchase\UpdatePurchaseById\UpdatePurchaseByIdCommandHandler.cs", "C#", 0, 0, 0, 0, 0, 0, 0, 0, 59, 0, 0, 0, 0, 0, 7, 66
"d:\REACT\ExpoApp-frontend2\backend\src\ExpoAPI\v1\UseCases\Purchase\UpdatePurchaseById\UpdatePurchaseByIdCommandResult.cs", "C#", 0, 0, 0, 0, 0, 0, 0, 0, 6, 0, 0, 0, 0, 0, 0, 6
"d:\REACT\ExpoApp-frontend2\backend\src\README.md", "Markdown", 0, 0, 0, 0, 2, 0, 0, 0, 0, 0, 0, 0, 0, 0, 1, 3
"d:\REACT\ExpoApp-frontend2\backend\src\TODO.md", "Markdown", 0, 0, 0, 0, 5, 0, 0, 0, 0, 0, 0, 0, 0, 0, 1, 6
"d:\REACT\ExpoApp-frontend2\backend\tools\docker\Dockerfile", "Docker", 12, 0, 0, 0, 0, 0, 0, 0, 0, 0, 0, 0, 0, 4, 3, 19
"d:\REACT\ExpoApp-frontend2\configure.bat", "Batch", 0, 0, 0, 0, 0, 0, 2, 0, 0, 0, 0, 0, 0, 0, 0, 2
"d:\REACT\ExpoApp-frontend2\configure.sh", "Shell Script", 0, 0, 0, 0, 0, 1, 0, 0, 0, 0, 0, 0, 0, 0, 0, 1
"d:\REACT\ExpoApp-frontend2\db\DeleteDB.sql", "SQL", 0, 0, 0, 0, 0, 0, 0, 0, 0, 0, 0, 0, 3, 0, 0, 3
"d:\REACT\ExpoApp-frontend2\db\ExpoDB.sql", "SQL", 0, 0, 0, 0, 0, 0, 0, 0, 0, 0, 0, 0, 63, 1, 7, 71
"d:\REACT\ExpoApp-frontend2\db\entrypoint.sh", "Shell Script", 0, 0, 0, 0, 0, 12, 0, 0, 0, 0, 0, 0, 0, 6, 4, 22
"d:\REACT\ExpoApp-frontend2\db\tools\docker\Dockerfile", "Docker", 8, 0, 0, 0, 0, 0, 0, 0, 0, 0, 0, 0, 0, 0, 3, 11
"d:\REACT\ExpoApp-frontend2\docker-compose.yml", "YAML", 0, 0, 0, 0, 0, 0, 0, 0, 0, 0, 0, 39, 0, 0, 3, 42
"d:\REACT\ExpoApp-frontend2\frontend\desktop\TODO.md", "Markdown", 0, 0, 0, 0, 4, 0, 0, 0, 0, 0, 0, 0, 0, 0, 1, 5
"d:\REACT\ExpoApp-frontend2\frontend\desktop\package.json", "JSON", 0, 0, 108, 0, 0, 0, 0, 0, 0, 0, 0, 0, 0, 0, 1, 109
"d:\REACT\ExpoApp-frontend2\frontend\desktop\src\main\index.js", "JavaScript", 0, 0, 0, 16, 0, 0, 0, 0, 0, 0, 0, 0, 0, 0, 4, 20
"d:\REACT\ExpoApp-frontend2\frontend\desktop\src\mockserver\DB.json", "JSON", 0, 0, 51, 0, 0, 0, 0, 0, 0, 0, 0, 0, 0, 0, 1, 52
"d:\REACT\ExpoApp-frontend2\frontend\desktop\src\mockserver\Range.js", "JavaScript", 0, 0, 0, 5, 0, 0, 0, 0, 0, 0, 0, 0, 0, 0, 0, 5
"d:\REACT\ExpoApp-frontend2\frontend\desktop\src\renderer\index.html", "HTML", 0, 12, 0, 0, 0, 0, 0, 0, 0, 0, 0, 0, 0, 0, 0, 12
"d:\REACT\ExpoApp-frontend2\frontend\desktop\src\renderer\index.js", "JavaScript", 0, 0, 0, 14, 0, 0, 0, 0, 0, 0, 0, 0, 0, 3, 5, 22
"d:\REACT\ExpoApp-frontend2\frontend\desktop\src\renderer\public\browserconfig.xml", "XML", 0, 0, 0, 0, 0, 0, 0, 0, 0, 9, 0, 0, 0, 0, 1, 10
"d:\REACT\ExpoApp-frontend2\frontend\desktop\src\renderer\public\index.html", "HTML", 0, 51, 0, 0, 0, 0, 0, 0, 0, 0, 0, 0, 0, 30, 9, 90
"d:\REACT\ExpoApp-frontend2\frontend\desktop\src\renderer\public\manifest.json", "JSON", 0, 0, 20, 0, 0, 0, 0, 0, 0, 0, 0, 0, 0, 0, 1, 21
"d:\REACT\ExpoApp-frontend2\frontend\desktop\src\renderer\public\safari-pinned-tab.svg", "XML", 0, 0, 0, 0, 0, 0, 0, 0, 0, 39, 0, 0, 0, 0, 1, 40
"d:\REACT\ExpoApp-frontend2\frontend\desktop\src\renderer\public\site.webmanifest", "JSON", 0, 0, 19, 0, 0, 0, 0, 0, 0, 0, 0, 0, 0, 0, 1, 20
"d:\REACT\ExpoApp-frontend2\frontend\desktop\src\renderer\src\assets\domain.js", "JavaScript", 0, 0, 0, 1, 0, 0, 0, 0, 0, 0, 0, 0, 0, 0, 1, 2
"d:\REACT\ExpoApp-frontend2\frontend\desktop\src\renderer\src\assets\img\brand\dark.svg", "XML", 0, 0, 0, 0, 0, 0, 0, 0, 0, 12, 0, 0, 0, 1, 1, 14
"d:\REACT\ExpoApp-frontend2\frontend\desktop\src\renderer\src\assets\img\brand\light.svg", "XML", 0, 0, 0, 0, 0, 0, 0, 0, 0, 1, 0, 0, 0, 0, 0, 1
"d:\REACT\ExpoApp-frontend2\frontend\desktop\src\renderer\src\assets\img\favicon\browserconfig.xml", "XML", 0, 0, 0, 0, 0, 0, 0, 0, 0, 9, 0, 0, 0, 0, 1, 10
"d:\REACT\ExpoApp-frontend2\frontend\desktop\src\renderer\src\assets\img\favicon\manifest.json", "JSON", 0, 0, 20, 0, 0, 0, 0, 0, 0, 0, 0, 0, 0, 0, 1, 21
"d:\REACT\ExpoApp-frontend2\frontend\desktop\src\renderer\src\assets\img\favicon\safari-pinned-tab.svg", "XML", 0, 0, 0, 0, 0, 0, 0, 0, 0, 39, 0, 0, 0, 0, 1, 40
"d:\REACT\ExpoApp-frontend2\frontend\desktop\src\renderer\src\assets\img\favicon\site.webmanifest", "JSON", 0, 0, 19, 0, 0, 0, 0, 0, 0, 0, 0, 0, 0, 0, 1, 20
"d:\REACT\ExpoApp-frontend2\frontend\desktop\src\renderer\src\assets\img\flags\aland-islands.svg", "XML", 0, 0, 0, 0, 0, 0, 0, 0, 0, 48, 0, 0, 0, 1, 1, 50
"d:\REACT\ExpoApp-frontend2\frontend\desktop\src\renderer\src\assets\img\flags\albania.svg", "XML", 0, 0, 0, 0, 0, 0, 0, 0, 0, 42, 0, 0, 0, 1, 1, 44
"d:\REACT\ExpoApp-frontend2\frontend\desktop\src\renderer\src\assets\img\flags\algeria.svg", "XML", 0, 0, 0, 0, 0, 0, 0, 0, 0, 43, 0, 0, 0, 1, 1, 45
"d:\REACT\ExpoApp-frontend2\frontend\desktop\src\renderer\src\assets\img\flags\american-samoa.svg", "XML", 0, 0, 0, 0, 0, 0, 0, 0, 0, 47, 0, 0, 0, 1, 1, 49
"d:\REACT\ExpoApp-frontend2\frontend\desktop\src\renderer\src\assets\img\flags\anguilla.svg", "XML", 0, 0, 0, 0, 0, 0, 0, 0, 0, 66, 0, 0, 0, 1, 1, 68
"d:\REACT\ExpoApp-frontend2\frontend\desktop\src\renderer\src\assets\img\flags\argentina.svg", "XML", 0, 0, 0, 0, 0, 0, 0, 0, 0, 42, 0, 0, 0, 1, 1, 44
"d:\REACT\ExpoApp-frontend2\frontend\desktop\src\renderer\src\assets\img\flags\armenia.svg", "XML", 0, 0, 0, 0, 0, 0, 0, 0, 0, 38, 0, 0, 0, 1, 1, 40
"d:\REACT\ExpoApp-frontend2\frontend\desktop\src\renderer\src\assets\img\flags\australia.svg", "XML", 0, 0, 0, 0, 0, 0, 0, 0, 0, 67, 0, 0, 0, 1, 1, 69
"d:\REACT\ExpoApp-frontend2\frontend\desktop\src\renderer\src\assets\img\flags\austria.svg", "XML", 0, 0, 0, 0, 0, 0, 0, 0, 0, 40, 0, 0, 0, 1, 1, 42
"d:\REACT\ExpoApp-frontend2\frontend\desktop\src\renderer\src\assets\img\flags\azerbaijan.svg", "XML", 0, 0, 0, 0, 0, 0, 0, 0, 0, 46, 0, 0, 0, 1, 1, 48
"d:\REACT\ExpoApp-frontend2\frontend\desktop\src\renderer\src\assets\img\flags\bahrain.svg", "XML", 0, 0, 0, 0, 0, 0, 0, 0, 0, 38, 0, 0, 0, 1, 1, 40
"d:\REACT\ExpoApp-frontend2\frontend\desktop\src\renderer\src\assets\img\flags\belarus.svg", "XML", 0, 0, 0, 0, 0, 0, 0, 0, 0, 49, 0, 0, 0, 1, 1, 51
"d:\REACT\ExpoApp-frontend2\frontend\desktop\src\renderer\src\assets\img\flags\belgium.svg", "XML", 0, 0, 0, 0, 0, 0, 0, 0, 0, 38, 0, 0, 0, 1, 1, 40
"d:\REACT\ExpoApp-frontend2\frontend\desktop\src\renderer\src\assets\img\flags\bolivia.svg", "XML", 0, 0, 0, 0, 0, 0, 0, 0, 0, 38, 0, 0, 0, 1, 1, 40
"d:\REACT\ExpoApp-frontend2\frontend\desktop\src\renderer\src\assets\img\flags\bosnia-and-herzegovina.svg", "XML", 0, 0, 0, 0, 0, 0, 0, 0, 0, 50, 0, 0, 0, 1, 1, 52
"d:\REACT\ExpoApp-frontend2\frontend\desktop\src\renderer\src\assets\img\flags\botswana.svg", "XML", 0, 0, 0, 0, 0, 0, 0, 0, 0, 45, 0, 0, 0, 1, 1, 47
"d:\REACT\ExpoApp-frontend2\frontend\desktop\src\renderer\src\assets\img\flags\brazil.svg", "XML", 0, 0, 0, 0, 0, 0, 0, 0, 0, 44, 0, 0, 0, 1, 1, 46
"d:\REACT\ExpoApp-frontend2\frontend\desktop\src\renderer\src\assets\img\flags\bulgaria.svg", "XML", 0, 0, 0, 0, 0, 0, 0, 0, 0, 38, 0, 0, 0, 1, 1, 40
"d:\REACT\ExpoApp-frontend2\frontend\desktop\src\renderer\src\assets\img\flags\cambodia.svg", "XML", 0, 0, 0, 0, 0, 0, 0, 0, 0, 43, 0, 0, 0, 1, 1, 45
"d:\REACT\ExpoApp-frontend2\frontend\desktop\src\renderer\src\assets\img\flags\cameroon.svg", "XML", 0, 0, 0, 0, 0, 0, 0, 0, 0, 40, 0, 0, 0, 1, 1, 42
"d:\REACT\ExpoApp-frontend2\frontend\desktop\src\renderer\src\assets\img\flags\canada.svg", "XML", 0, 0, 0, 0, 0, 0, 0, 0, 0, 42, 0, 0, 0, 1, 1, 44
"d:\REACT\ExpoApp-frontend2\frontend\desktop\src\renderer\src\assets\img\flags\chile.svg", "XML", 0, 0, 0, 0, 0, 0, 0, 0, 0, 39, 0, 0, 0, 1, 1, 41
"d:\REACT\ExpoApp-frontend2\frontend\desktop\src\renderer\src\assets\img\flags\china.svg", "XML", 0, 0, 0, 0, 0, 0, 0, 0, 0, 21, 0, 0, 0, 1, 1, 23
"d:\REACT\ExpoApp-frontend2\frontend\desktop\src\renderer\src\assets\img\flags\colombia.svg", "XML", 0, 0, 0, 0, 0, 0, 0, 0, 0, 38, 0, 0, 0, 1, 1, 40
"d:\REACT\ExpoApp-frontend2\frontend\desktop\src\renderer\src\assets\img\flags\costa-rica.svg", "XML", 0, 0, 0, 0, 0, 0, 0, 0, 0, 41, 0, 0, 0, 1, 1, 43
"d:\REACT\ExpoApp-frontend2\frontend\desktop\src\renderer\src\assets\img\flags\croatia.svg", "XML", 0, 0, 0, 0, 0, 0, 0, 0, 0, 65, 0, 0, 0, 1, 1, 67
"d:\REACT\ExpoApp-frontend2\frontend\desktop\src\renderer\src\assets\img\flags\cuba.svg", "XML", 0, 0, 0, 0, 0, 0, 0, 0, 0, 48, 0, 0, 0, 1, 1, 50
"d:\REACT\ExpoApp-frontend2\frontend\desktop\src\renderer\src\assets\img\flags\cyprus.svg", "XML", 0, 0, 0, 0, 0, 0, 0, 0, 0, 42, 0, 0, 0, 1, 1, 44
"d:\REACT\ExpoApp-frontend2\frontend\desktop\src\renderer\src\assets\img\flags\czech-republic.svg", "XML", 0, 0, 0, 0, 0, 0, 0, 0, 0, 39, 0, 0, 0, 1, 1, 41
"d:\REACT\ExpoApp-frontend2\frontend\desktop\src\renderer\src\assets\img\flags\denmark.svg", "XML", 0, 0, 0, 0, 0, 0, 0, 0, 0, 44, 0, 0, 0, 1, 1, 46
"d:\REACT\ExpoApp-frontend2\frontend\desktop\src\renderer\src\assets\img\flags\ecuador.svg", "XML", 0, 0, 0, 0, 0, 0, 0, 0, 0, 45, 0, 0, 0, 1, 1, 47
"d:\REACT\ExpoApp-frontend2\frontend\desktop\src\renderer\src\assets\img\flags\egypt.svg", "XML", 0, 0, 0, 0, 0, 0, 0, 0, 0, 41, 0, 0, 0, 1, 1, 43
"d:\REACT\ExpoApp-frontend2\frontend\desktop\src\renderer\src\assets\img\flags\estonia.svg", "XML", 0, 0, 0, 0, 0, 0, 0, 0, 0, 38, 0, 0, 0, 1, 1, 40
"d:\REACT\ExpoApp-frontend2\frontend\desktop\src\renderer\src\assets\img\flags\ethiopia.svg", "XML", 0, 0, 0, 0, 0, 0, 0, 0, 0, 47, 0, 0, 0, 1, 1, 49
"d:\REACT\ExpoApp-frontend2\frontend\desktop\src\renderer\src\assets\img\flags\finland.svg", "XML", 0, 0, 0, 0, 0, 0, 0, 0, 0, 38, 0, 0, 0, 1, 1, 40
"d:\REACT\ExpoApp-frontend2\frontend\desktop\src\renderer\src\assets\img\flags\france.svg", "XML", 0, 0, 0, 0, 0, 0, 0, 0, 0, 37, 0, 0, 0, 1, 1, 39
"d:\REACT\ExpoApp-frontend2\frontend\desktop\src\renderer\src\assets\img\flags\georgia.svg", "XML", 0, 0, 0, 0, 0, 0, 0, 0, 0, 49, 0, 0, 0, 1, 1, 51
"d:\REACT\ExpoApp-frontend2\frontend\desktop\src\renderer\src\assets\img\flags\germany.svg", "XML", 0, 0, 0, 0, 0, 0, 0, 0, 0, 39, 0, 0, 0, 1, 1, 41
"d:\REACT\ExpoApp-frontend2\frontend\desktop\src\renderer\src\assets\img\flags\greece.svg", "XML", 0, 0, 0, 0, 0, 0, 0, 0, 0, 45, 0, 0, 0, 1, 1, 47
"d:\REACT\ExpoApp-frontend2\frontend\desktop\src\renderer\src\assets\img\flags\haiti.svg", "XML", 0, 0, 0, 0, 0, 0, 0, 0, 0, 42, 0, 0, 0, 1, 1, 44
"d:\REACT\ExpoApp-frontend2\frontend\desktop\src\renderer\src\assets\img\flags\hong-kong.svg", "XML", 0, 0, 0, 0, 0, 0, 0, 0, 0, 49, 0, 0, 0, 1, 1, 51
"d:\REACT\ExpoApp-frontend2\frontend\desktop\src\renderer\src\assets\img\flags\hungary.svg", "XML", 0, 0, 0, 0, 0, 0, 0, 0, 0, 38, 0, 0, 0, 1, 1, 40
"d:\REACT\ExpoApp-frontend2\frontend\desktop\src\renderer\src\assets\img\flags\iceland.svg", "XML", 0, 0, 0, 0, 0, 0, 0, 0, 0, 46, 0, 0, 0, 1, 1, 48
"d:\REACT\ExpoApp-frontend2\frontend\desktop\src\renderer\src\assets\img\flags\india.svg", "XML", 0, 0, 0, 0, 0, 0, 0, 0, 0, 41, 0, 0, 0, 1, 1, 43
"d:\REACT\ExpoApp-frontend2\frontend\desktop\src\renderer\src\assets\img\flags\indonesia.svg", "XML", 0, 0, 0, 0, 0, 0, 0, 0, 0, 36, 0, 0, 0, 1, 1, 38
"d:\REACT\ExpoApp-frontend2\frontend\desktop\src\renderer\src\assets\img\flags\iran.svg", "XML", 0, 0, 0, 0, 0, 0, 0, 0, 0, 45, 0, 0, 0, 1, 1, 47
"d:\REACT\ExpoApp-frontend2\frontend\desktop\src\renderer\src\assets\img\flags\iraq.svg", "XML", 0, 0, 0, 0, 0, 0, 0, 0, 0, 47, 0, 0, 0, 1, 1, 49
"d:\REACT\ExpoApp-frontend2\frontend\desktop\src\renderer\src\assets\img\flags\ireland.svg", "XML", 0, 0, 0, 0, 0, 0, 0, 0, 0, 37, 0, 0, 0, 1, 1, 39
"d:\REACT\ExpoApp-frontend2\frontend\desktop\src\renderer\src\assets\img\flags\israel.svg", "XML", 0, 0, 0, 0, 0, 0, 0, 0, 0, 46, 0, 0, 0, 1, 1, 48
"d:\REACT\ExpoApp-frontend2\frontend\desktop\src\renderer\src\assets\img\flags\italy.svg", "XML", 0, 0, 0, 0, 0, 0, 0, 0, 0, 37, 0, 0, 0, 1, 1, 39
"d:\REACT\ExpoApp-frontend2\frontend\desktop\src\renderer\src\assets\img\flags\ivory-coast.svg", "XML", 0, 0, 0, 0, 0, 0, 0, 0, 0, 38, 0, 0, 0, 1, 1, 40
"d:\REACT\ExpoApp-frontend2\frontend\desktop\src\renderer\src\assets\img\flags\japan.svg", "XML", 0, 0, 0, 0, 0, 0, 0, 0, 0, 36, 0, 0, 0, 1, 1, 38
"d:\REACT\ExpoApp-frontend2\frontend\desktop\src\renderer\src\assets\img\flags\kazakhstan.svg", "XML", 0, 0, 0, 0, 0, 0, 0, 0, 0, 43, 0, 0, 0, 1, 1, 45
"d:\REACT\ExpoApp-frontend2\frontend\desktop\src\renderer\src\assets\img\flags\kuwait.svg", "XML", 0, 0, 0, 0, 0, 0, 0, 0, 0, 39, 0, 0, 0, 1, 1, 41
"d:\REACT\ExpoApp-frontend2\frontend\desktop\src\renderer\src\assets\img\flags\latvia.svg", "XML", 0, 0, 0, 0, 0, 0, 0, 0, 0, 39, 0, 0, 0, 1, 1, 41
"d:\REACT\ExpoApp-frontend2\frontend\desktop\src\renderer\src\assets\img\flags\liechtenstein.svg", "XML", 0, 0, 0, 0, 0, 0, 0, 0, 0, 40, 0, 0, 0, 1, 1, 42
"d:\REACT\ExpoApp-frontend2\frontend\desktop\src\renderer\src\assets\img\flags\lithuania.svg", "XML", 0, 0, 0, 0, 0, 0, 0, 0, 0, 38, 0, 0, 0, 1, 1, 40
"d:\REACT\ExpoApp-frontend2\frontend\desktop\src\renderer\src\assets\img\flags\luxembourg.svg", "XML", 0, 0, 0, 0, 0, 0, 0, 0, 0, 37, 0, 0, 0, 1, 1, 39
"d:\REACT\ExpoApp-frontend2\frontend\desktop\src\renderer\src\assets\img\flags\malaysia.svg", "XML", 0, 0, 0, 0, 0, 0, 0, 0, 0, 51, 0, 0, 0, 1, 1, 53
"d:\REACT\ExpoApp-frontend2\frontend\desktop\src\renderer\src\assets\img\flags\mexico.svg", "XML", 0, 0, 0, 0, 0, 0, 0, 0, 0, 45, 0, 0, 0, 1, 1, 47
"d:\REACT\ExpoApp-frontend2\frontend\desktop\src\renderer\src\assets\img\flags\mongolia.svg", "XML", 0, 0, 0, 0, 0, 0, 0, 0, 0, 50, 0, 0, 0, 1, 1, 52
"d:\REACT\ExpoApp-frontend2\frontend\desktop\src\renderer\src\assets\img\flags\montenegro.svg", "XML", 0, 0, 0, 0, 0, 0, 0, 0, 0, 51, 0, 0, 0, 1, 1, 53
"d:\REACT\ExpoApp-frontend2\frontend\desktop\src\renderer\src\assets\img\flags\nauru.svg", "XML", 0, 0, 0, 0, 0, 0, 0, 0, 0, 43, 0, 0, 0, 1, 1, 45
"d:\REACT\ExpoApp-frontend2\frontend\desktop\src\renderer\src\assets\img\flags\netherlands.svg", "XML", 0, 0, 0, 0, 0, 0, 0, 0, 0, 37, 0, 0, 0, 1, 1, 39
"d:\REACT\ExpoApp-frontend2\frontend\desktop\src\renderer\src\assets\img\flags\nicaragua.svg", "XML", 0, 0, 0, 0, 0, 0, 0, 0, 0, 45, 0, 0, 0, 1, 1, 47
"d:\REACT\ExpoApp-frontend2\frontend\desktop\src\renderer\src\assets\img\flags\nigeria.svg", "XML", 0, 0, 0, 0, 0, 0, 0, 0, 0, 39, 0, 0, 0, 1, 1, 41
"d:\REACT\ExpoApp-frontend2\frontend\desktop\src\renderer\src\assets\img\flags\norway.svg", "XML", 0, 0, 0, 0, 0, 0, 0, 0, 0, 46, 0, 0, 0, 1, 1, 48
"d:\REACT\ExpoApp-frontend2\frontend\desktop\src\renderer\src\assets\img\flags\pakistan.svg", "XML", 0, 0, 0, 0, 0, 0, 0, 0, 0, 48, 0, 0, 0, 1, 1, 50
"d:\REACT\ExpoApp-frontend2\frontend\desktop\src\renderer\src\assets\img\flags\panama.svg", "XML", 0, 0, 0, 0, 0, 0, 0, 0, 0, 41, 0, 0, 0, 1, 1, 43
"d:\REACT\ExpoApp-frontend2\frontend\desktop\src\renderer\src\assets\img\flags\paraguay.svg", "XML", 0, 0, 0, 0, 0, 0, 0, 0, 0, 43, 0, 0, 0, 1, 1, 45
"d:\REACT\ExpoApp-frontend2\frontend\desktop\src\renderer\src\assets\img\flags\peru.svg", "XML", 0, 0, 0, 0, 0, 0, 0, 0, 0, 39, 0, 0, 0, 1, 1, 41
"d:\REACT\ExpoApp-frontend2\frontend\desktop\src\renderer\src\assets\img\flags\philippines.svg", "XML", 0, 0, 0, 0, 0, 0, 0, 0, 0, 50, 0, 0, 0, 1, 1, 52
"d:\REACT\ExpoApp-frontend2\frontend\desktop\src\renderer\src\assets\img\flags\portugal.svg", "XML", 0, 0, 0, 0, 0, 0, 0, 0, 0, 43, 0, 0, 0, 1, 1, 45
"d:\REACT\ExpoApp-frontend2\frontend\desktop\src\renderer\src\assets\img\flags\puerto-rico.svg", "XML", 0, 0, 0, 0, 0, 0, 0, 0, 0, 45, 0, 0, 0, 1, 1, 47
"d:\REACT\ExpoApp-frontend2\frontend\desktop\src\renderer\src\assets\img\flags\republic-of-macedonia.svg", "XML", 0, 0, 0, 0, 0, 0, 0, 0, 0, 47, 0, 0, 0, 1, 1, 49
"d:\REACT\ExpoApp-frontend2\frontend\desktop\src\renderer\src\assets\img\flags\republic-of-poland.svg", "XML", 0, 0, 0, 0, 0, 0, 0, 0, 0, 36, 0, 0, 0, 1, 1, 38
"d:\REACT\ExpoApp-frontend2\frontend\desktop\src\renderer\src\assets\img\flags\romania.svg", "XML", 0, 0, 0, 0, 0, 0, 0, 0, 0, 41, 0, 0, 0, 1, 1, 43
"d:\REACT\ExpoApp-frontend2\frontend\desktop\src\renderer\src\assets\img\flags\russia.svg", "XML", 0, 0, 0, 0, 0, 0, 0, 0, 0, 38, 0, 0, 0, 1, 1, 40
"d:\REACT\ExpoApp-frontend2\frontend\desktop\src\renderer\src\assets\img\flags\serbia.svg", "XML", 0, 0, 0, 0, 0, 0, 0, 0, 0, 54, 0, 0, 0, 1, 1, 56
"d:\REACT\ExpoApp-frontend2\frontend\desktop\src\renderer\src\assets\img\flags\singapore.svg", "XML", 0, 0, 0, 0, 0, 0, 0, 0, 0, 51, 0, 0, 0, 1, 1, 53
"d:\REACT\ExpoApp-frontend2\frontend\desktop\src\renderer\src\assets\img\flags\slovakia.svg", "XML", 0, 0, 0, 0, 0, 0, 0, 0, 0, 49, 0, 0, 0, 1, 1, 51
"d:\REACT\ExpoApp-frontend2\frontend\desktop\src\renderer\src\assets\img\flags\slovenia.svg", "XML", 0, 0, 0, 0, 0, 0, 0, 0, 0, 40, 0, 0, 0, 1, 1, 42
"d:\REACT\ExpoApp-frontend2\frontend\desktop\src\renderer\src\assets\img\flags\south-africa.svg", "XML", 0, 0, 0, 0, 0, 0, 0, 0, 0, 45, 0, 0, 0, 1, 1, 47
"d:\REACT\ExpoApp-frontend2\frontend\desktop\src\renderer\src\assets\img\flags\south-korea.svg", "XML", 0, 0, 0, 0, 0, 0, 0, 0, 0, 56, 0, 0, 0, 1, 1, 58
"d:\REACT\ExpoApp-frontend2\frontend\desktop\src\renderer\src\assets\img\flags\spain.svg", "XML", 0, 0, 0, 0, 0, 0, 0, 0, 0, 40, 0, 0, 0, 1, 1, 42
"d:\REACT\ExpoApp-frontend2\frontend\desktop\src\renderer\src\assets\img\flags\sri-lanka.svg", "XML", 0, 0, 0, 0, 0, 0, 0, 0, 0, 47, 0, 0, 0, 1, 1, 49
"d:\REACT\ExpoApp-frontend2\frontend\desktop\src\renderer\src\assets\img\flags\sweden.svg", "XML", 0, 0, 0, 0, 0, 0, 0, 0, 0, 44, 0, 0, 0, 1, 1, 46
"d:\REACT\ExpoApp-frontend2\frontend\desktop\src\renderer\src\assets\img\flags\switzerland.svg", "XML", 0, 0, 0, 0, 0, 0, 0, 0, 0, 37, 0, 0, 0, 1, 1, 39
"d:\REACT\ExpoApp-frontend2\frontend\desktop\src\renderer\src\assets\img\flags\taiwan.svg", "XML", 0, 0, 0, 0, 0, 0, 0, 0, 0, 43, 0, 0, 0, 1, 1, 45
"d:\REACT\ExpoApp-frontend2\frontend\desktop\src\renderer\src\assets\img\flags\thailand.svg", "XML", 0, 0, 0, 0, 0, 0, 0, 0, 0, 41, 0, 0, 0, 1, 1, 43
"d:\REACT\ExpoApp-frontend2\frontend\desktop\src\renderer\src\assets\img\flags\tunisia.svg", "XML", 0, 0, 0, 0, 0, 0, 0, 0, 0, 43, 0, 0, 0, 1, 1, 45
"d:\REACT\ExpoApp-frontend2\frontend\desktop\src\renderer\src\assets\img\flags\turkey.svg", "XML", 0, 0, 0, 0, 0, 0, 0, 0, 0, 42, 0, 0, 0, 1, 1, 44
"d:\REACT\ExpoApp-frontend2\frontend\desktop\src\renderer\src\assets\img\flags\ukraine.svg", "XML", 0, 0, 0, 0, 0, 0, 0, 0, 0, 36, 0, 0, 0, 1, 1, 38
"d:\REACT\ExpoApp-frontend2\frontend\desktop\src\renderer\src\assets\img\flags\united-arab-emirates.svg", "XML", 0, 0, 0, 0, 0, 0, 0, 0, 0, 39, 0, 0, 0, 1, 1, 41
"d:\REACT\ExpoApp-frontend2\frontend\desktop\src\renderer\src\assets\img\flags\united-kingdom.svg", "XML", 0, 0, 0, 0, 0, 0, 0, 0, 0, 60, 0, 0, 0, 1, 1, 62
"d:\REACT\ExpoApp-frontend2\frontend\desktop\src\renderer\src\assets\img\flags\united-states-of-america.svg", "XML", 0, 0, 0, 0, 0, 0, 0, 0, 0, 52, 0, 0, 0, 1, 1, 54
"d:\REACT\ExpoApp-frontend2\frontend\desktop\src\renderer\src\assets\img\flags\united-states.svg", "XML", 0, 0, 0, 0, 0, 0, 0, 0, 0, 52, 0, 0, 0, 1, 1, 54
"d:\REACT\ExpoApp-frontend2\frontend\desktop\src\renderer\src\assets\img\flags\uruguay.svg", "XML", 0, 0, 0, 0, 0, 0, 0, 0, 0, 50, 0, 0, 0, 1, 1, 52
"d:\REACT\ExpoApp-frontend2\frontend\desktop\src\renderer\src\assets\img\flags\venezuela.svg", "XML", 0, 0, 0, 0, 0, 0, 0, 0, 0, 56, 0, 0, 0, 1, 1, 58
"d:\REACT\ExpoApp-frontend2\frontend\desktop\src\renderer\src\assets\img\flags\vietnam.svg", "XML", 0, 0, 0, 0, 0, 0, 0, 0, 0, 37, 0, 0, 0, 1, 1, 39
"d:\REACT\ExpoApp-frontend2\frontend\desktop\src\renderer\src\assets\img\icons\github.svg", "XML", 0, 0, 0, 0, 0, 0, 0, 0, 0, 1, 0, 0, 0, 0, 0, 1
"d:\REACT\ExpoApp-frontend2\frontend\desktop\src\renderer\src\assets\img\icons\google-tag-manager.svg", "XML", 0, 0, 0, 0, 0, 0, 0, 0, 0, 17, 0, 0, 0, 1, 1, 19
"d:\REACT\ExpoApp-frontend2\frontend\desktop\src\renderer\src\assets\img\icons\google_analytics.svg", "XML", 0, 0, 0, 0, 0, 0, 0, 0, 0, 1, 0, 0, 0, 0, 0, 1
"d:\REACT\ExpoApp-frontend2\frontend\desktop\src\renderer\src\assets\img\illustrations\404.svg", "XML", 0, 0, 0, 0, 0, 0, 0, 0, 0, 253, 0, 0, 0, 1, 1, 255
"d:\REACT\ExpoApp-frontend2\frontend\desktop\src\renderer\src\assets\img\illustrations\500.svg", "XML", 0, 0, 0, 0, 0, 0, 0, 0, 0, 237, 0, 0, 0, 1, 6, 244
"d:\REACT\ExpoApp-frontend2\frontend\desktop\src\renderer\src\assets\img\illustrations\bs5-illustrations.svg", "XML", 0, 0, 0, 0, 0, 0, 0, 0, 0, 1, 0, 0, 0, 0, 0, 1
"d:\REACT\ExpoApp-frontend2\frontend\desktop\src\renderer\src\assets\img\illustrations\signin.svg", "XML", 0, 0, 0, 0, 0, 0, 0, 0, 0, 2316, 0, 0, 0, 1, 16, 2333
"d:\REACT\ExpoApp-frontend2\frontend\desktop\src\renderer\src\assets\img\marker.svg", "XML", 0, 0, 0, 0, 0, 0, 0, 0, 0, 2, 0, 0, 0, 0, 0, 2
"d:\REACT\ExpoApp-frontend2\frontend\desktop\src\renderer\src\assets\img\paypal-logo.svg", "XML", 0, 0, 0, 0, 0, 0, 0, 0, 0, 68, 0, 0, 0, 1, 1, 70
"d:\REACT\ExpoApp-frontend2\frontend\desktop\src\renderer\src\assets\img\technologies\bootstrap-5-logo.svg", "XML", 0, 0, 0, 0, 0, 0, 0, 0, 0, 1, 0, 0, 0, 0, 0, 1
"d:\REACT\ExpoApp-frontend2\frontend\desktop\src\renderer\src\assets\img\technologies\laravel-logo.svg", "XML", 0, 0, 0, 0, 0, 0, 0, 0, 0, 1, 0, 0, 0, 0, 1, 2
"d:\REACT\ExpoApp-frontend2\frontend\desktop\src\renderer\src\assets\img\technologies\logo.svg", "XML", 0, 0, 0, 0, 0, 0, 0, 0, 0, 36, 0, 0, 0, 0, 2, 38
"d:\REACT\ExpoApp-frontend2\frontend\desktop\src\renderer\src\assets\img\technologies\react-hero-logo.svg", "XML", 0, 0, 0, 0, 0, 0, 0, 0, 0, 1, 0, 0, 0, 0, 0, 1
"d:\REACT\ExpoApp-frontend2\frontend\desktop\src\renderer\src\assets\img\technologies\react-logo-primary.svg", "XML", 0, 0, 0, 0, 0, 0, 0, 0, 0, 1, 0, 0, 0, 0, 0, 1
"d:\REACT\ExpoApp-frontend2\frontend\desktop\src\renderer\src\assets\img\technologies\react-logo-transparent.svg", "XML", 0, 0, 0, 0, 0, 0, 0, 0, 0, 1, 0, 0, 0, 0, 0, 1
"d:\REACT\ExpoApp-frontend2\frontend\desktop\src\renderer\src\assets\img\technologies\react-logo.svg", "XML", 0, 0, 0, 0, 0, 0, 0, 0, 0, 38, 0, 0, 0, 1, 1, 40
"d:\REACT\ExpoApp-frontend2\frontend\desktop\src\renderer\src\assets\img\technologies\vuejs-logo.svg", "XML", 0, 0, 0, 0, 0, 0, 0, 0, 0, 8, 0, 0, 0, 0, 1, 9
"d:\REACT\ExpoApp-frontend2\frontend\desktop\src\renderer\src\assets\img\themesberg-logo.svg", "XML", 0, 0, 0, 0, 0, 0, 0, 0, 0, 1, 0, 0, 0, 0, 0, 1
"d:\REACT\ExpoApp-frontend2\frontend\desktop\src\renderer\src\assets\img\themesberg.svg", "XML", 0, 0, 0, 0, 0, 0, 0, 0, 0, 1, 0, 0, 0, 0, 0, 1
"d:\REACT\ExpoApp-frontend2\frontend\desktop\src\renderer\src\assets\syntax-themes\ghcolors.json", "JSON", 0, 0, 104, 0, 0, 0, 0, 0, 0, 0, 0, 0, 0, 0, 0, 104
"d:\REACT\ExpoApp-frontend2\frontend\desktop\src\renderer\src\assets\syntax-themes\xonokai.json", "JSON", 0, 0, 121, 0, 0, 0, 0, 0, 0, 0, 0, 0, 0, 0, 0, 121
"d:\REACT\ExpoApp-frontend2\frontend\desktop\src\renderer\src\components\AccomomdationTable.js", "JavaScript", 0, 0, 0, 8, 0, 0, 0, 0, 0, 0, 0, 0, 0, 0, 2, 10
"d:\REACT\ExpoApp-frontend2\frontend\desktop\src\renderer\src\components\AccordionComponent.js", "JavaScript", 0, 0, 0, 29, 0, 0, 0, 0, 0, 0, 0, 0, 0, 0, 4, 33
"d:\REACT\ExpoApp-frontend2\frontend\desktop\src\renderer\src\components\Charts.js", "JavaScript", 0, 0, 0, 146, 0, 0, 0, 0, 0, 0, 0, 0, 0, 5, 23, 174
"d:\REACT\ExpoApp-frontend2\frontend\desktop\src\renderer\src\components\Code.js", "JavaScript", 0, 0, 0, 41, 0, 0, 0, 0, 0, 0, 0, 0, 0, 0, 10, 51
"d:\REACT\ExpoApp-frontend2\frontend\desktop\src\renderer\src\components\CodeEditor.js", "JavaScript", 0, 0, 0, 63, 0, 0, 0, 0, 0, 0, 0, 0, 0, 0, 13, 76
"d:\REACT\ExpoApp-frontend2\frontend\desktop\src\renderer\src\components\Documentation.js", "JavaScript", 0, 0, 0, 25, 0, 0, 0, 0, 0, 0, 0, 0, 0, 0, 6, 31
"d:\REACT\ExpoApp-frontend2\frontend\desktop\src\renderer\src\components\FetchData.js", "JavaScript", 0, 0, 0, 110, 0, 0, 0, 0, 0, 0, 0, 0, 0, 0, 12, 122
"d:\REACT\ExpoApp-frontend2\frontend\desktop\src\renderer\src\components\Footer.js", "JavaScript", 0, 0, 0, 26, 0, 0, 0, 0, 0, 0, 0, 0, 0, 0, 6, 32
"d:\REACT\ExpoApp-frontend2\frontend\desktop\src\renderer\src\components\Forms.js", "JavaScript", 0, 0, 0, 169, 0, 0, 0, 0, 0, 0, 0, 0, 0, 0, 6, 175
"d:\REACT\ExpoApp-frontend2\frontend\desktop\src\renderer\src\components\Lock.js", "JavaScript", 0, 0, 0, 593, 0, 0, 0, 0, 0, 0, 0, 0, 0, 11, 29, 633
"d:\REACT\ExpoApp-frontend2\frontend\desktop\src\renderer\src\components\Navbar.js", "JavaScript", 0, 0, 0, 93, 0, 0, 0, 0, 0, 0, 0, 0, 0, 25, 5, 123
"d:\REACT\ExpoApp-frontend2\frontend\desktop\src\renderer\src\components\Preloader.js", "JavaScript", 0, 0, 0, 11, 0, 0, 0, 0, 0, 0, 0, 0, 0, 0, 8, 19
"d:\REACT\ExpoApp-frontend2\frontend\desktop\src\renderer\src\components\Progress.js", "JavaScript", 0, 0, 0, 21, 0, 0, 0, 0, 0, 0, 0, 0, 0, 0, 3, 24
"d:\REACT\ExpoApp-frontend2\frontend\desktop\src\renderer\src\components\ScrollToTop.js", "JavaScript", 0, 0, 0, 9, 0, 0, 0, 0, 0, 0, 0, 0, 0, 2, 4, 15
"d:\REACT\ExpoApp-frontend2\frontend\desktop\src\renderer\src\components\Sidebar.js", "JavaScript", 0, 0, 0, 105, 0, 0, 0, 0, 0, 0, 0, 0, 0, 10, 13, 128
"d:\REACT\ExpoApp-frontend2\frontend\desktop\src\renderer\src\components\Tables.js", "JavaScript", 0, 0, 0, 1749, 0, 0, 0, 0, 0, 0, 0, 0, 0, 11, 108, 1868
"d:\REACT\ExpoApp-frontend2\frontend\desktop\src\renderer\src\components\Update.js", "JavaScript", 0, 0, 0, 116, 0, 0, 0, 0, 0, 0, 0, 0, 0, 0, 4, 120
"d:\REACT\ExpoApp-frontend2\frontend\desktop\src\renderer\src\components\Widgets.js", "JavaScript", 0, 0, 0, 305, 0, 0, 0, 0, 0, 0, 0, 0, 0, 3, 20, 328
"d:\REACT\ExpoApp-frontend2\frontend\desktop\src\renderer\src\data\charts.js", "JavaScript", 0, 0, 0, 14, 0, 0, 0, 0, 0, 0, 0, 0, 0, 0, 3, 17
"d:\REACT\ExpoApp-frontend2\frontend\desktop\src\renderer\src\data\commands.js", "JavaScript", 0, 0, 0, 37, 0, 0, 0, 0, 0, 0, 0, 0, 0, 0, 1, 38
"d:\REACT\ExpoApp-frontend2\frontend\desktop\src\renderer\src\data\features.js", "JavaScript", 0, 0, 0, 76, 0, 0, 0, 0, 0, 0, 0, 0, 0, 0, 3, 79
"d:\REACT\ExpoApp-frontend2\frontend\desktop\src\renderer\src\data\notifications.js", "JavaScript", 0, 0, 0, 52, 0, 0, 0, 0, 0, 0, 0, 0, 0, 0, 2, 54
"d:\REACT\ExpoApp-frontend2\frontend\desktop\src\renderer\src\data\pages.js", "JavaScript", 0, 0, 0, 73, 0, 0, 0, 0, 0, 0, 0, 0, 0, 0, 4, 77
"d:\REACT\ExpoApp-frontend2\frontend\desktop\src\renderer\src\data\tables.js", "JavaScript", 0, 0, 0, 42, 0, 0, 0, 0, 0, 0, 0, 0, 0, 0, 8, 50
"d:\REACT\ExpoApp-frontend2\frontend\desktop\src\renderer\src\data\teamMembers.js", "JavaScript", 0, 0, 0, 39, 0, 0, 0, 0, 0, 0, 0, 0, 0, 0, 3, 42
"d:\REACT\ExpoApp-frontend2\frontend\desktop\src\renderer\src\data\transactions.js", "JavaScript", 0, 0, 0, 83, 0, 0, 0, 0, 0, 0, 0, 0, 0, 0, 2, 85
"d:\REACT\ExpoApp-frontend2\frontend\desktop\src\renderer\src\index.js", "JavaScript", 0, 0, 0, 15, 0, 0, 0, 0, 0, 0, 0, 0, 0, 12, 10, 37
"d:\REACT\ExpoApp-frontend2\frontend\desktop\src\renderer\src\pages\HomePage.js", "JavaScript", 0, 0, 0, 67, 0, 0, 0, 0, 0, 0, 0, 0, 0, 3, 16, 86
"d:\REACT\ExpoApp-frontend2\frontend\desktop\src\renderer\src\pages\Presentation.js", "JavaScript", 0, 0, 0, 528, 0, 0, 0, 0, 0, 0, 0, 0, 0, 0, 16, 544
"d:\REACT\ExpoApp-frontend2\frontend\desktop\src\renderer\src\pages\Transactions.js", "JavaScript", 0, 0, 0, 58, 0, 0, 0, 0, 0, 0, 0, 0, 0, 0, 5, 63
"d:\REACT\ExpoApp-frontend2\frontend\desktop\src\renderer\src\pages\Upgrade.js", "JavaScript", 0, 0, 0, 82, 0, 0, 0, 0, 0, 0, 0, 0, 0, 0, 2, 84
"d:\REACT\ExpoApp-frontend2\frontend\desktop\src\renderer\src\pages\components\Accordion.js", "JavaScript", 0, 0, 0, 48, 0, 0, 0, 0, 0, 0, 0, 0, 0, 0, 5, 53
"d:\REACT\ExpoApp-frontend2\frontend\desktop\src\renderer\src\pages\components\Alerts.js", "JavaScript", 0, 0, 0, 164, 0, 0, 0, 0, 0, 0, 0, 0, 0, 0, 23, 187
"d:\REACT\ExpoApp-frontend2\frontend\desktop\src\renderer\src\pages\components\Badges.js", "JavaScript", 0, 0, 0, 72, 0, 0, 0, 0, 0, 0, 0, 0, 0, 0, 9, 81
"d:\REACT\ExpoApp-frontend2\frontend\desktop\src\renderer\src\pages\components\Breadcrumbs.js", "JavaScript", 0, 0, 0, 83, 0, 0, 0, 0, 0, 0, 0, 0, 0, 0, 12, 95
"d:\REACT\ExpoApp-frontend2\frontend\desktop\src\renderer\src\pages\components\Buttons.js", "JavaScript", 0, 0, 0, 289, 0, 0, 0, 0, 0, 0, 0, 0, 0, 0, 39, 328
"d:\REACT\ExpoApp-frontend2\frontend\desktop\src\renderer\src\pages\components\Forms.js", "JavaScript", 0, 0, 0, 243, 0, 0, 0, 0, 0, 0, 0, 0, 0, 0, 19, 262
"d:\REACT\ExpoApp-frontend2\frontend\desktop\src\renderer\src\pages\components\Modals.js", "JavaScript", 0, 0, 0, 60, 0, 0, 0, 0, 0, 0, 0, 0, 0, 0, 10, 70
"d:\REACT\ExpoApp-frontend2\frontend\desktop\src\renderer\src\pages\components\Navbars.js", "JavaScript", 0, 0, 0, 86, 0, 0, 0, 0, 0, 0, 0, 0, 0, 0, 17, 103
"d:\REACT\ExpoApp-frontend2\frontend\desktop\src\renderer\src\pages\components\Navs.js", "JavaScript", 0, 0, 0, 125, 0, 0, 0, 0, 0, 0, 0, 0, 0, 0, 9, 134
"d:\REACT\ExpoApp-frontend2\frontend\desktop\src\renderer\src\pages\components\Pagination.js", "JavaScript", 0, 0, 0, 192, 0, 0, 0, 0, 0, 0, 0, 0, 0, 0, 29, 221
"d:\REACT\ExpoApp-frontend2\frontend\desktop\src\renderer\src\pages\components\Popovers.js", "JavaScript", 0, 0, 0, 91, 0, 0, 0, 0, 0, 0, 0, 0, 0, 0, 7, 98
"d:\REACT\ExpoApp-frontend2\frontend\desktop\src\renderer\src\pages\components\Progress.js", "JavaScript", 0, 0, 0, 57, 0, 0, 0, 0, 0, 0, 0, 0, 0, 0, 7, 64
"d:\REACT\ExpoApp-frontend2\frontend\desktop\src\renderer\src\pages\components\Tables.js", "JavaScript", 0, 0, 0, 135, 0, 0, 0, 0, 0, 0, 0, 0, 0, 0, 7, 142
"d:\REACT\ExpoApp-frontend2\frontend\desktop\src\renderer\src\pages\components\Tabs.js", "JavaScript", 0, 0, 0, 196, 0, 0, 0, 0, 0, 0, 0, 0, 0, 0, 7, 203
"d:\REACT\ExpoApp-frontend2\frontend\desktop\src\renderer\src\pages\components\Toasts.js", "JavaScript", 0, 0, 0, 93, 0, 0, 0, 0, 0, 0, 0, 0, 0, 0, 14, 107
"d:\REACT\ExpoApp-frontend2\frontend\desktop\src\renderer\src\pages\components\Tooltips.js", "JavaScript", 0, 0, 0, 76, 0, 0, 0, 0, 0, 0, 0, 0, 0, 0, 7, 83
"d:\REACT\ExpoApp-frontend2\frontend\desktop\src\renderer\src\pages\dashboard\DashboardOverview.js", "JavaScript", 0, 0, 0, 168, 0, 0, 0, 0, 0, 0, 0, 0, 0, 3, 10, 181
"d:\REACT\ExpoApp-frontend2\frontend\desktop\src\renderer\src\pages\documentation\DocsBuild.js", "JavaScript", 0, 0, 0, 21, 0, 0, 0, 0, 0, 0, 0, 0, 0, 0, 5, 26
"d:\REACT\ExpoApp-frontend2\frontend\desktop\src\renderer\src\pages\documentation\DocsChangelog.js", "JavaScript", 0, 0, 0, 22, 0, 0, 0, 0, 0, 0, 0, 0, 0, 0, 5, 27
"d:\REACT\ExpoApp-frontend2\frontend\desktop\src\renderer\src\pages\documentation\DocsDownload.js", "JavaScript", 0, 0, 0, 22, 0, 0, 0, 0, 0, 0, 0, 0, 0, 0, 4, 26
"d:\REACT\ExpoApp-frontend2\frontend\desktop\src\renderer\src\pages\documentation\DocsFolderStructure.js", "JavaScript", 0, 0, 0, 47, 0, 0, 0, 0, 0, 0, 0, 0, 0, 0, 9, 56
"d:\REACT\ExpoApp-frontend2\frontend\desktop\src\renderer\src\pages\documentation\DocsLicense.js", "JavaScript", 0, 0, 0, 19, 0, 0, 0, 0, 0, 0, 0, 0, 0, 0, 4, 23
"d:\REACT\ExpoApp-frontend2\frontend\desktop\src\renderer\src\pages\documentation\DocsOverview.js", "JavaScript", 0, 0, 0, 35, 0, 0, 0, 0, 0, 0, 0, 0, 0, 0, 7, 42
"d:\REACT\ExpoApp-frontend2\frontend\desktop\src\renderer\src\pages\documentation\DocsQuickStart.js", "JavaScript", 0, 0, 0, 58, 0, 0, 0, 0, 0, 0, 0, 0, 0, 0, 8, 66
"d:\REACT\ExpoApp-frontend2\frontend\desktop\src\renderer\src\pages\examples\ForgotPassword.js", "JavaScript", 0, 0, 0, 40, 0, 0, 0, 0, 0, 0, 0, 0, 0, 0, 5, 45
"d:\REACT\ExpoApp-frontend2\frontend\desktop\src\renderer\src\pages\examples\NotFound.js", "JavaScript", 0, 0, 0, 36, 0, 0, 0, 0, 0, 0, 0, 0, 0, 0, 6, 42
"d:\REACT\ExpoApp-frontend2\frontend\desktop\src\renderer\src\pages\examples\ResetPassword.js", "JavaScript", 0, 0, 0, 60, 0, 0, 0, 0, 0, 0, 0, 0, 0, 0, 5, 65
"d:\REACT\ExpoApp-frontend2\frontend\desktop\src\renderer\src\pages\examples\ServerError.js", "JavaScript", 0, 0, 0, 34, 0, 0, 0, 0, 0, 0, 0, 0, 0, 0, 5, 39
"d:\REACT\ExpoApp-frontend2\frontend\desktop\src\renderer\src\pages\examples\Signin.js", "JavaScript", 0, 0, 0, 73, 0, 0, 0, 0, 0, 0, 0, 0, 0, 3, 8, 84
"d:\REACT\ExpoApp-frontend2\frontend\desktop\src\renderer\src\pages\examples\Signup.js", "JavaScript", 0, 0, 0, 46, 0, 0, 0, 0, 0, 0, 0, 0, 0, 0, 5, 51
"d:\REACT\ExpoApp-frontend2\frontend\desktop\src\renderer\src\pages\tables\BootstrapTables.js", "JavaScript", 0, 0, 0, 26, 0, 0, 0, 0, 0, 0, 0, 0, 0, 0, 6, 32
"d:\REACT\ExpoApp-frontend2\frontend\desktop\src\renderer\src\routes.js", "JavaScript", 0, 0, 0, 37, 0, 0, 0, 0, 0, 0, 0, 0, 0, 2, 2, 41
"d:\REACT\ExpoApp-frontend2\frontend\desktop\src\renderer\src\scss\volt.scss", "SCSS", 0, 0, 0, 0, 0, 0, 0, 0, 0, 0, 12, 0, 0, 19, 14, 45
"d:\REACT\ExpoApp-frontend2\frontend\desktop\src\renderer\src\scss\volt\_components.scss", "SCSS", 0, 0, 0, 0, 0, 0, 0, 0, 0, 0, 33, 0, 0, 0, 1, 34
"d:\REACT\ExpoApp-frontend2\frontend\desktop\src\renderer\src\scss\volt\_functions.scss", "SCSS", 0, 0, 0, 0, 0, 0, 0, 0, 0, 0, 15, 0, 0, 2, 6, 23
"d:\REACT\ExpoApp-frontend2\frontend\desktop\src\renderer\src\scss\volt\_layout.scss", "SCSS", 0, 0, 0, 0, 0, 0, 0, 0, 0, 0, 5, 0, 0, 0, 1, 6
"d:\REACT\ExpoApp-frontend2\frontend\desktop\src\renderer\src\scss\volt\_mixins.scss", "SCSS", 0, 0, 0, 0, 0, 0, 0, 0, 0, 0, 7, 0, 0, 0, 1, 8
"d:\REACT\ExpoApp-frontend2\frontend\desktop\src\renderer\src\scss\volt\_reboot.scss", "SCSS", 0, 0, 0, 0, 0, 0, 0, 0, 0, 0, 24, 0, 0, 0, 6, 30
"d:\REACT\ExpoApp-frontend2\frontend\desktop\src\renderer\src\scss\volt\_utilities.scss", "SCSS", 0, 0, 0, 0, 0, 0, 0, 0, 0, 0, 8, 0, 0, 0, 1, 9
"d:\REACT\ExpoApp-frontend2\frontend\desktop\src\renderer\src\scss\volt\_variables.scss", "SCSS", 0, 0, 0, 0, 0, 0, 0, 0, 0, 0, 1209, 0, 0, 138, 335, 1682
"d:\REACT\ExpoApp-frontend2\frontend\desktop\src\renderer\src\scss\volt\_vendor.scss", "SCSS", 0, 0, 0, 0, 0, 0, 0, 0, 0, 0, 4, 0, 0, 4, 1, 9
"d:\REACT\ExpoApp-frontend2\frontend\desktop\src\renderer\src\scss\volt\components\_accordions.scss", "SCSS", 0, 0, 0, 0, 0, 0, 0, 0, 0, 0, 25, 0, 0, 6, 8, 39
"d:\REACT\ExpoApp-frontend2\frontend\desktop\src\renderer\src\scss\volt\components\_alerts.scss", "SCSS", 0, 0, 0, 0, 0, 0, 0, 0, 0, 0, 9, 0, 0, 0, 1, 10
"d:\REACT\ExpoApp-frontend2\frontend\desktop\src\renderer\src\scss\volt\components\_avatars.scss", "SCSS", 0, 0, 0, 0, 0, 0, 0, 0, 0, 0, 81, 0, 0, 4, 15, 100
"d:\REACT\ExpoApp-frontend2\frontend\desktop\src\renderer\src\scss\volt\components\_badge.scss", "SCSS", 0, 0, 0, 0, 0, 0, 0, 0, 0, 0, 80, 0, 0, 8, 15, 103
"d:\REACT\ExpoApp-frontend2\frontend\desktop\src\renderer\src\scss\volt\components\_blog-cards.scss", "SCSS", 0, 0, 0, 0, 0, 0, 0, 0, 0, 0, 8, 0, 0, 3, 1, 12
"d:\REACT\ExpoApp-frontend2\frontend\desktop\src\renderer\src\scss\volt\components\_breadcrumb.scss", "SCSS", 0, 0, 0, 0, 0, 0, 0, 0, 0, 0, 54, 0, 0, 3, 9, 66
"d:\REACT\ExpoApp-frontend2\frontend\desktop\src\renderer\src\scss\volt\components\_buttons.scss", "SCSS", 0, 0, 0, 0, 0, 0, 0, 0, 0, 0, 55, 0, 0, 7, 13, 75
"d:\REACT\ExpoApp-frontend2\frontend\desktop\src\renderer\src\scss\volt\components\_card.scss", "SCSS", 0, 0, 0, 0, 0, 0, 0, 0, 0, 0, 219, 0, 0, 5, 39, 263
"d:\REACT\ExpoApp-frontend2\frontend\desktop\src\renderer\src\scss\volt\components\_carousel.scss", "SCSS", 0, 0, 0, 0, 0, 0, 0, 0, 0, 0, 40, 0, 0, 5, 7, 52
"d:\REACT\ExpoApp-frontend2\frontend\desktop\src\renderer\src\scss\volt\components\_charts.scss", "SCSS", 0, 0, 0, 0, 0, 0, 0, 0, 0, 0, 44, 0, 0, 1, 8, 53
"d:\REACT\ExpoApp-frontend2\frontend\desktop\src\renderer\src\scss\volt\components\_close.scss", "SCSS", 0, 0, 0, 0, 0, 0, 0, 0, 0, 0, 27, 0, 0, 3, 4, 34
"d:\REACT\ExpoApp-frontend2\frontend\desktop\src\renderer\src\scss\volt\components\_counters.scss", "SCSS", 0, 0, 0, 0, 0, 0, 0, 0, 0, 0, 10, 0, 0, 3, 2, 15
"d:\REACT\ExpoApp-frontend2\frontend\desktop\src\renderer\src\scss\volt\components\_custom-forms.scss", "SCSS", 0, 0, 0, 0, 0, 0, 0, 0, 0, 0, 79, 0, 0, 7, 18, 104
"d:\REACT\ExpoApp-frontend2\frontend\desktop\src\renderer\src\scss\volt\components\_datepicker.scss", "SCSS", 0, 0, 0, 0, 0, 0, 0, 0, 0, 0, 20, 0, 0, 3, 4, 27
"d:\REACT\ExpoApp-frontend2\frontend\desktop\src\renderer\src\scss\volt\components\_dropdown.scss", "SCSS", 0, 0, 0, 0, 0, 0, 0, 0, 0, 0, 75, 0, 0, 6, 19, 100
"d:\REACT\ExpoApp-frontend2\frontend\desktop\src\renderer\src\scss\volt\components\_dropzone.scss", "SCSS", 0, 0, 0, 0, 0, 0, 0, 0, 0, 0, 47, 0, 0, 0, 5, 52
"d:\REACT\ExpoApp-frontend2\frontend\desktop\src\renderer\src\scss\volt\components\_forms.scss", "SCSS", 0, 0, 0, 0, 0, 0, 0, 0, 0, 0, 66, 0, 0, 1, 16, 83
"d:\REACT\ExpoApp-frontend2\frontend\desktop\src\renderer\src\scss\volt\components\_icon-box.scss", "SCSS", 0, 0, 0, 0, 0, 0, 0, 0, 0, 0, 157, 0, 0, 6, 43, 206
"d:\REACT\ExpoApp-frontend2\frontend\desktop\src\renderer\src\scss\volt\components\_images.scss", "SCSS", 0, 0, 0, 0, 0, 0, 0, 0, 0, 0, 78, 0, 0, 3, 15, 96
"d:\REACT\ExpoApp-frontend2\frontend\desktop\src\renderer\src\scss\volt\components\_input-group.scss", "SCSS", 0, 0, 0, 0, 0, 0, 0, 0, 0, 0, 35, 0, 0, 4, 13, 52
"d:\REACT\ExpoApp-frontend2\frontend\desktop\src\renderer\src\scss\volt\components\_list-group.scss", "SCSS", 0, 0, 0, 0, 0, 0, 0, 0, 0, 0, 75, 0, 0, 6, 16, 97
"d:\REACT\ExpoApp-frontend2\frontend\desktop\src\renderer\src\scss\volt\components\_modal.scss", "SCSS", 0, 0, 0, 0, 0, 0, 0, 0, 0, 0, 23, 0, 0, 3, 6, 32
"d:\REACT\ExpoApp-frontend2\frontend\desktop\src\renderer\src\scss\volt\components\_nav.scss", "SCSS", 0, 0, 0, 0, 0, 0, 0, 0, 0, 0, 180, 0, 0, 11, 36, 227
"d:\REACT\ExpoApp-frontend2\frontend\desktop\src\renderer\src\scss\volt\components\_pagination.scss", "SCSS", 0, 0, 0, 0, 0, 0, 0, 0, 0, 0, 12, 0, 0, 3, 2, 17
"d:\REACT\ExpoApp-frontend2\frontend\desktop\src\renderer\src\scss\volt\components\_popover.scss", "SCSS", 0, 0, 0, 0, 0, 0, 0, 0, 0, 0, 11, 0, 0, 4, 4, 19
"d:\REACT\ExpoApp-frontend2\frontend\desktop\src\renderer\src\scss\volt\components\_preloader.scss", "SCSS", 0, 0, 0, 0, 0, 0, 0, 0, 0, 0, 26, 0, 0, 0, 6, 32
"d:\REACT\ExpoApp-frontend2\frontend\desktop\src\renderer\src\scss\volt\components\_pricing-cards.scss", "SCSS", 0, 0, 0, 0, 0, 0, 0, 0, 0, 0, 33, 0, 0, 3, 6, 42
"d:\REACT\ExpoApp-frontend2\frontend\desktop\src\renderer\src\scss\volt\components\_progress.scss", "SCSS", 0, 0, 0, 0, 0, 0, 0, 0, 0, 0, 99, 0, 0, 4, 15, 118
"d:\REACT\ExpoApp-frontend2\frontend\desktop\src\renderer\src\scss\volt\components\_scrollbar.scss", "SCSS", 0, 0, 0, 0, 0, 0, 0, 0, 0, 0, 200, 0, 0, 2, 26, 228
"d:\REACT\ExpoApp-frontend2\frontend\desktop\src\renderer\src\scss\volt\components\_shapes.scss", "SCSS", 0, 0, 0, 0, 0, 0, 0, 0, 0, 0, 12, 0, 0, 3, 4, 19
"d:\REACT\ExpoApp-frontend2\frontend\desktop\src\renderer\src\scss\volt\components\_tables.scss", "SCSS", 0, 0, 0, 0, 0, 0, 0, 0, 0, 0, 325, 0, 0, 27, 82, 434
"d:\REACT\ExpoApp-frontend2\frontend\desktop\src\renderer\src\scss\volt\components\_timelines.scss", "SCSS", 0, 0, 0, 0, 0, 0, 0, 0, 0, 0, 18, 0, 0, 3, 3, 24
"d:\REACT\ExpoApp-frontend2\frontend\desktop\src\renderer\src\scss\volt\components\_tooltip.scss", "SCSS", 0, 0, 0, 0, 0, 0, 0, 0, 0, 0, 39, 0, 0, 1, 6, 46
"d:\REACT\ExpoApp-frontend2\frontend\desktop\src\renderer\src\scss\volt\components\_type.scss", "SCSS", 0, 0, 0, 0, 0, 0, 0, 0, 0, 0, 140, 0, 0, 8, 36, 184
"d:\REACT\ExpoApp-frontend2\frontend\desktop\src\renderer\src\scss\volt\layout\_footer.scss", "SCSS", 0, 0, 0, 0, 0, 0, 0, 0, 0, 0, 84, 0, 0, 3, 18, 105
"d:\REACT\ExpoApp-frontend2\frontend\desktop\src\renderer\src\scss\volt\layout\_navbar.scss", "SCSS", 0, 0, 0, 0, 0, 0, 0, 0, 0, 0, 383, 0, 0, 8, 96, 487
"d:\REACT\ExpoApp-frontend2\frontend\desktop\src\renderer\src\scss\volt\layout\_section.scss", "SCSS", 0, 0, 0, 0, 0, 0, 0, 0, 0, 0, 424, 0, 0, 12, 33, 469
"d:\REACT\ExpoApp-frontend2\frontend\desktop\src\renderer\src\scss\volt\layout\_sidebar.scss", "SCSS", 0, 0, 0, 0, 0, 0, 0, 0, 0, 0, 33, 0, 0, 3, 6, 42
"d:\REACT\ExpoApp-frontend2\frontend\desktop\src\renderer\src\scss\volt\layout\_sidenav.scss", "SCSS", 0, 0, 0, 0, 0, 0, 0, 0, 0, 0, 215, 0, 0, 3, 40, 258
"d:\REACT\ExpoApp-frontend2\frontend\desktop\src\renderer\src\scss\volt\mixins\_animations.scss", "SCSS", 0, 0, 0, 0, 0, 0, 0, 0, 0, 0, 42, 0, 0, 0, 3, 45
"d:\REACT\ExpoApp-frontend2\frontend\desktop\src\renderer\src\scss\volt\mixins\_background-variant.scss", "SCSS", 0, 0, 0, 0, 0, 0, 0, 0, 0, 0, 21, 0, 0, 1, 4, 26
"d:\REACT\ExpoApp-frontend2\frontend\desktop\src\renderer\src\scss\volt\mixins\_icon.scss", "SCSS", 0, 0, 0, 0, 0, 0, 0, 0, 0, 0, 15, 0, 0, 0, 2, 17
"d:\REACT\ExpoApp-frontend2\frontend\desktop\src\renderer\src\scss\volt\mixins\_modals.scss", "SCSS", 0, 0, 0, 0, 0, 0, 0, 0, 0, 0, 21, 0, 0, 0, 2, 23
"d:\REACT\ExpoApp-frontend2\frontend\desktop\src\renderer\src\scss\volt\mixins\_popover.scss", "SCSS", 0, 0, 0, 0, 0, 0, 0, 0, 0, 0, 33, 0, 0, 0, 4, 37
"d:\REACT\ExpoApp-frontend2\frontend\desktop\src\renderer\src\scss\volt\mixins\_transform.scss", "SCSS", 0, 0, 0, 0, 0, 0, 0, 0, 0, 0, 13, 0, 0, 2, 4, 19
"d:\REACT\ExpoApp-frontend2\frontend\desktop\src\renderer\src\scss\volt\mixins\_utilities.scss", "SCSS", 0, 0, 0, 0, 0, 0, 0, 0, 0, 0, 107, 0, 0, 0, 16, 123
"d:\REACT\ExpoApp-frontend2\frontend\desktop\src\renderer\src\scss\volt\themes\_variables-dark.scss", "SCSS", 0, 0, 0, 0, 0, 0, 0, 0, 0, 0, 0, 0, 0, 0, 1, 1
"d:\REACT\ExpoApp-frontend2\frontend\desktop\src\renderer\src\scss\volt\themes\_variables-light.scss", "SCSS", 0, 0, 0, 0, 0, 0, 0, 0, 0, 0, 0, 0, 0, 0, 1, 1
"d:\REACT\ExpoApp-frontend2\frontend\desktop\src\renderer\src\scss\volt\themes\_variables-sunset.scss", "SCSS", 0, 0, 0, 0, 0, 0, 0, 0, 0, 0, 0, 0, 0, 0, 1, 1
"d:\REACT\ExpoApp-frontend2\frontend\desktop\src\renderer\src\scss\volt\utilities\_animations.scss", "SCSS", 0, 0, 0, 0, 0, 0, 0, 0, 0, 0, 195, 0, 0, 4, 31, 230
"d:\REACT\ExpoApp-frontend2\frontend\desktop\src\renderer\src\scss\volt\utilities\_backgrounds.scss", "SCSS", 0, 0, 0, 0, 0, 0, 0, 0, 0, 0, 31, 0, 0, 4, 6, 41
"d:\REACT\ExpoApp-frontend2\frontend\desktop\src\renderer\src\scss\volt\utilities\_helper.scss", "SCSS", 0, 0, 0, 0, 0, 0, 0, 0, 0, 0, 46, 0, 0, 8, 12, 66
"d:\REACT\ExpoApp-frontend2\frontend\desktop\src\renderer\src\scss\volt\utilities\_position.scss", "SCSS", 0, 0, 0, 0, 0, 0, 0, 0, 0, 0, 26, 0, 0, 3, 5, 34
"d:\REACT\ExpoApp-frontend2\frontend\desktop\src\renderer\src\scss\volt\utilities\_shadows.scss", "SCSS", 0, 0, 0, 0, 0, 0, 0, 0, 0, 0, 10, 0, 0, 4, 4, 18
"d:\REACT\ExpoApp-frontend2\frontend\desktop\src\renderer\src\scss\volt\utilities\_sizing.scss", "SCSS", 0, 0, 0, 0, 0, 0, 0, 0, 0, 0, 38, 0, 0, 4, 10, 52
"d:\REACT\ExpoApp-frontend2\frontend\desktop\src\renderer\src\scss\volt\utilities\_text.scss", "SCSS", 0, 0, 0, 0, 0, 0, 0, 0, 0, 0, 34, 0, 0, 9, 10, 53
"d:\REACT\ExpoApp-frontend2\frontend\desktop\src\renderer\src\scss\volt\utilities\_transform.scss", "SCSS", 0, 0, 0, 0, 0, 0, 0, 0, 0, 0, 11, 0, 0, 3, 3, 17
"d:\REACT\ExpoApp-frontend2\frontend\desktop\src\renderer\src\scss\volt\vendor\_datepicker.scss", "SCSS", 0, 0, 0, 0, 0, 0, 0, 0, 0, 0, 32, 0, 0, 0, 2, 34
"d:\REACT\ExpoApp-frontend2\frontend\desktop\src\renderer\src\scss\volt\vendor\_headroom.scss", "SCSS", 0, 0, 0, 0, 0, 0, 0, 0, 0, 0, 44, 0, 0, 0, 8, 52
"d:\REACT\ExpoApp-frontend2\frontend\desktop\src\renderer\src\scss\volt\vendor\_prism.scss", "SCSS", 0, 0, 0, 0, 0, 0, 0, 0, 0, 0, 117, 0, 0, 7, 21, 145
"d:\REACT\ExpoApp-frontend2\frontend\desktop\src\renderer\src\scss\volt\vendor\chartist\_chartist.scss", "SCSS", 0, 0, 0, 0, 0, 0, 0, 0, 0, 0, 193, 0, 0, 14, 45, 252
"d:\REACT\ExpoApp-frontend2\frontend\desktop\src\renderer\src\scss\volt\vendor\chartist\settings\_chartist-settings.scss", "SCSS", 0, 0, 0, 0, 0, 0, 0, 0, 0, 0, 62, 0, 0, 16, 12, 90
"d:\REACT\ExpoApp-frontend2\frontend\desktop\src\renderer\src\scss\volt\vendor\wizard\_form.scss", "SCSS", 0, 0, 0, 0, 0, 0, 0, 0, 0, 0, 242, 0, 0, 0, 37, 279
"d:\REACT\ExpoApp-frontend2\frontend\desktop\src\renderer\src\scss\volt\vendor\wizard\_mixins.scss", "SCSS", 0, 0, 0, 0, 0, 0, 0, 0, 0, 0, 8, 0, 0, 3, 1, 12
"d:\REACT\ExpoApp-frontend2\frontend\desktop\src\renderer\src\scss\volt\vendor\wizard\_variables.scss", "SCSS", 0, 0, 0, 0, 0, 0, 0, 0, 0, 0, 19, 0, 0, 7, 7, 33
"d:\REACT\ExpoApp-frontend2\frontend\desktop\tools\docker\Dockerfile", "Docker", 0, 0, 0, 0, 0, 0, 0, 0, 0, 0, 0, 0, 0, 0, 1, 1
"d:\REACT\ExpoApp-frontend2\frontend\desktop\webpack\main.config.js", "JavaScript", 0, 0, 0, 24, 0, 0, 0, 0, 0, 0, 0, 0, 0, 0, 1, 25
"d:\REACT\ExpoApp-frontend2\frontend\desktop\webpack\renderer.base.config.js", "JavaScript", 0, 0, 0, 47, 0, 0, 0, 0, 0, 0, 0, 0, 0, 0, 1, 48
"d:\REACT\ExpoApp-frontend2\frontend\desktop\webpack\renderer.dev.config.js", "JavaScript", 0, 0, 0, 28, 0, 0, 0, 0, 0, 0, 0, 0, 0, 0, 1, 29
"d:\REACT\ExpoApp-frontend2\frontend\desktop\webpack\renderer.prod.config.js", "JavaScript", 0, 0, 0, 11, 0, 0, 0, 0, 0, 0, 0, 0, 0, 0, 2, 13
"d:\REACT\ExpoApp-frontend2\frontend\web\package-lock.json", "JSON", 0, 0, 32560, 0, 0, 0, 0, 0, 0, 0, 0, 0, 0, 0, 1, 32561
"d:\REACT\ExpoApp-frontend2\frontend\web\package.json", "JSON", 0, 0, 52, 0, 0, 0, 0, 0, 0, 0, 0, 0, 0, 0, 1, 53
"d:\REACT\ExpoApp-frontend2\frontend\web\public\index.html", "HTML", 0, 20, 0, 0, 0, 0, 0, 0, 0, 0, 0, 0, 0, 0, 4, 24
"d:\REACT\ExpoApp-frontend2\frontend\web\src\App.js", "JavaScript", 0, 0, 0, 142, 0, 0, 0, 0, 0, 0, 0, 0, 0, 16, 7, 165
"d:\REACT\ExpoApp-frontend2\frontend\web\src\index.css", "CSS", 0, 0, 0, 0, 0, 0, 0, 16, 0, 0, 0, 0, 0, 0, 2, 18
"d:\REACT\ExpoApp-frontend2\frontend\web\src\index.js", "JavaScript", 0, 0, 0, 12, 0, 0, 0, 0, 0, 0, 0, 0, 0, 0, 4, 16
"d:\REACT\ExpoApp-frontend2\frontend\web\src\serviceWorker.js", "JavaScript", 0, 0, 0, 98, 0, 0, 0, 0, 0, 0, 0, 0, 0, 31, 13, 142
"d:\REACT\ExpoApp-frontend2\frontend\web\tools\docker\Dockerfile", "Docker", 8, 0, 0, 0, 0, 0, 0, 0, 0, 0, 0, 0, 0, 5, 6, 19
"Total", "-", 28, 83, 33127, 7937, 15, 13, 2, 16, 5302, 7511, 6218, 39, 66, 763, 2866, 63986